data,stato,codice_regione,denominazione_regione,codice_provincia,denominazione_provincia,sigla_provincia,lat,long,totale_casi,note_it,note_en
<<<<<<< HEAD
<<<<<<< HEAD
<<<<<<< HEAD
<<<<<<< HEAD
<<<<<<< HEAD
<<<<<<< HEAD
<<<<<<< HEAD
2020-05-03T17:00:00,ITA,13,Abruzzo,069,Chieti,CH,42.35103167,14.16754574,765,,
2020-05-03T17:00:00,ITA,13,Abruzzo,066,L'Aquila,AQ,42.35122196,13.39843823,243,,
2020-05-03T17:00:00,ITA,13,Abruzzo,068,Pescara,PE,42.46458398,14.21364822,1347,,
2020-05-03T17:00:00,ITA,13,Abruzzo,067,Teramo,TE,42.6589177,13.70439971,641,,
2020-05-03T17:00:00,ITA,13,Abruzzo,979,In fase di definizione/aggiornamento,,0,0,0,,
2020-05-03T17:00:00,ITA,17,Basilicata,077,Matera,MT,40.66751177,16.59792442,198,,
2020-05-03T17:00:00,ITA,17,Basilicata,076,Potenza,PZ,40.63947052,15.80514834,188,,
2020-05-03T17:00:00,ITA,17,Basilicata,980,In fase di definizione/aggiornamento,,0,0,0,,
2020-05-03T17:00:00,ITA,04,P.A. Bolzano,021,Bolzano,BZ,46.49933453,11.35662422,2536,,
2020-05-03T17:00:00,ITA,04,P.A. Bolzano,981,In fase di definizione/aggiornamento,,0,0,0,,
2020-05-03T17:00:00,ITA,18,Calabria,079,Catanzaro,CZ,38.90597598,16.59440194,207,,
2020-05-03T17:00:00,ITA,18,Calabria,078,Cosenza,CS,39.29308681,16.25609692,459,,
2020-05-03T17:00:00,ITA,18,Calabria,101,Crotone,KR,39.08036878,17.12538864,118,,
2020-05-03T17:00:00,ITA,18,Calabria,080,Reggio di Calabria,RC,38.10922769,15.6434527,253,,
2020-05-03T17:00:00,ITA,18,Calabria,102,Vibo Valentia,VV,38.67624147,16.10157414,75,,
2020-05-03T17:00:00,ITA,18,Calabria,982,In fase di definizione/aggiornamento,,0,0,2,,
2020-05-03T17:00:00,ITA,15,Campania,064,Avellino,AV,40.91404699,14.79528803,469,,
2020-05-03T17:00:00,ITA,15,Campania,062,Benevento,BN,41.12969987,14.78151683,183,,
2020-05-03T17:00:00,ITA,15,Campania,061,Caserta,CE,41.07465878,14.33240464,424,,
2020-05-03T17:00:00,ITA,15,Campania,063,Napoli,NA,40.83956555,14.25084984,2468,,
2020-05-03T17:00:00,ITA,15,Campania,065,Salerno,SA,40.67821961,14.7594026,662,,
2020-05-03T17:00:00,ITA,15,Campania,983,In fase di definizione/aggiornamento,,0,0,278,,
2020-05-03T17:00:00,ITA,08,Emilia-Romagna,037,Bologna,BO,44.49436681,11.3417208,4550,,
2020-05-03T17:00:00,ITA,08,Emilia-Romagna,038,Ferrara,FE,44.83599085,11.61868934,934,,
2020-05-03T17:00:00,ITA,08,Emilia-Romagna,040,Forlì-Cesena,FC,44.22268559,12.04068608,1599,,
2020-05-03T17:00:00,ITA,08,Emilia-Romagna,036,Modena,MO,44.64600009,10.92615487,3737,,
2020-05-03T17:00:00,ITA,08,Emilia-Romagna,034,Parma,PR,44.80107394,10.32834985,3204,,
2020-05-03T17:00:00,ITA,08,Emilia-Romagna,033,Piacenza,PC,45.05193462,9.692632596,4214,,
2020-05-03T17:00:00,ITA,08,Emilia-Romagna,039,Ravenna,RA,44.41722493,12.19913936,986,,
2020-05-03T17:00:00,ITA,08,Emilia-Romagna,035,Reggio nell'Emilia,RE,44.69735289,10.63007973,4765,,
2020-05-03T17:00:00,ITA,08,Emilia-Romagna,099,Rimini,RN,44.06090087,12.5656295,2027,,
2020-05-03T17:00:00,ITA,08,Emilia-Romagna,984,In fase di definizione/aggiornamento,,0,0,0,,
2020-05-03T17:00:00,ITA,06,Friuli Venezia Giulia,031,Gorizia,GO,45.94149817,13.62212502,189,,
2020-05-03T17:00:00,ITA,06,Friuli Venezia Giulia,093,Pordenone,PN,45.95443546,12.66002909,645,,
2020-05-03T17:00:00,ITA,06,Friuli Venezia Giulia,032,Trieste,TS,45.6494354,13.76813649,1281,,
2020-05-03T17:00:00,ITA,06,Friuli Venezia Giulia,030,Udine,UD,46.06255516,13.2348383,957,,
2020-05-03T17:00:00,ITA,06,Friuli Venezia Giulia,985,In fase di definizione/aggiornamento,,0,0,0,,
2020-05-03T17:00:00,ITA,12,Lazio,060,Frosinone,FR,41.63964569,13.35117161,567,,
2020-05-03T17:00:00,ITA,12,Lazio,059,Latina,LT,41.46759465,12.90368482,505,,
2020-05-03T17:00:00,ITA,12,Lazio,057,Rieti,RI,42.40488444,12.86205939,325,,
2020-05-03T17:00:00,ITA,12,Lazio,058,Roma,RM,41.89277044,12.48366722,4911,,
2020-05-03T17:00:00,ITA,12,Lazio,056,Viterbo,VT,42.4173828,12.10473416,396,,
2020-05-03T17:00:00,ITA,12,Lazio,986,In fase di definizione/aggiornamento,,0,0,105,,
2020-05-03T17:00:00,ITA,07,Liguria,010,Genova,GE,44.41149314,8.9326992,4840,,
2020-05-03T17:00:00,ITA,07,Liguria,008,Imperia,IM,43.88570648,8.027850298,1375,,
2020-05-03T17:00:00,ITA,07,Liguria,011,La Spezia,SP,44.10704991,9.8281897,850,,
2020-05-03T17:00:00,ITA,07,Liguria,009,Savona,SV,44.30750461,8.481108654,1286,,
2020-05-03T17:00:00,ITA,07,Liguria,987,In fase di definizione/aggiornamento,,0,0,8,,
2020-05-03T17:00:00,ITA,03,Lombardia,016,Bergamo,BG,45.69441368,9.668424528,11453,,
2020-05-03T17:00:00,ITA,03,Lombardia,017,Brescia,BS,45.53993052,10.21910323,13028,,
2020-05-03T17:00:00,ITA,03,Lombardia,013,Como,CO,45.8099912,9.085159546,3313,,
2020-05-03T17:00:00,ITA,03,Lombardia,019,Cremona,CR,45.13336675,10.02420865,6106,,
2020-05-03T17:00:00,ITA,03,Lombardia,097,Lecco,LC,45.85575781,9.393392246,2344,,
2020-05-03T17:00:00,ITA,03,Lombardia,098,Lodi,LO,45.31440693,9.503720769,3047,,
2020-05-03T17:00:00,ITA,03,Lombardia,020,Mantova,MN,45.15726772,10.79277363,3199,,
2020-05-03T17:00:00,ITA,03,Lombardia,015,Milano,MI,45.46679409,9.190347404,20068,,
2020-05-03T17:00:00,ITA,03,Lombardia,108,Monza e della Brianza,MB,45.58439043,9.273582472,4823,,
2020-05-03T17:00:00,ITA,03,Lombardia,018,Pavia,PV,45.18509264,9.160157191,4490,,
2020-05-03T17:00:00,ITA,03,Lombardia,014,Sondrio,SO,46.17099261,9.87147489,1181,,
2020-05-03T17:00:00,ITA,03,Lombardia,012,Varese,VA,45.81701677,8.822868344,2783,,
2020-05-03T17:00:00,ITA,03,Lombardia,988,In fase di definizione/aggiornamento,,0,0,1693,,
2020-05-03T17:00:00,ITA,11,Marche,042,Ancona,AN,43.61675973,13.5188753,1817,,
2020-05-03T17:00:00,ITA,11,Marche,044,Ascoli Piceno,AP,42.85322304,13.57691127,282,,
2020-05-03T17:00:00,ITA,11,Marche,109,Fermo,FM,43.16058534,13.71839535,450,,
2020-05-03T17:00:00,ITA,11,Marche,043,Macerata,MC,43.30023926,13.45307182,1031,,
2020-05-03T17:00:00,ITA,11,Marche,041,Pesaro e Urbino,PU,43.91014021,12.91345989,2540,,
2020-05-03T17:00:00,ITA,11,Marche,989,In fase di definizione/aggiornamento,,0,0,199,,
2020-05-03T17:00:00,ITA,14,Molise,070,Campobasso,CB,41.55774754,14.65916051,226,,
2020-05-03T17:00:00,ITA,14,Molise,094,Isernia,IS,41.58800826,14.22575407,56,,
2020-05-03T17:00:00,ITA,14,Molise,990,In fase di definizione/aggiornamento,,0,0,19,,
2020-05-03T17:00:00,ITA,01,Piemonte,006,Alessandria,AL,44.91297351,8.615401155,3584,,
2020-05-03T17:00:00,ITA,01,Piemonte,005,Asti,AT,44.89912921,8.204142547,1619,,
2020-05-03T17:00:00,ITA,01,Piemonte,096,Biella,BI,45.5665112,8.054082167,980,,
2020-05-03T17:00:00,ITA,01,Piemonte,004,Cuneo,CN,44.39329625,7.551171632,2535,,
2020-05-03T17:00:00,ITA,01,Piemonte,003,Novara,NO,45.44588506,8.621915884,2371,,
2020-05-03T17:00:00,ITA,01,Piemonte,001,Torino,TO,45.0732745,7.680687483,13794,,
2020-05-03T17:00:00,ITA,01,Piemonte,103,Verbano-Cusio-Ossola,VB,45.9214455,8.551078753,1053,,
2020-05-03T17:00:00,ITA,01,Piemonte,002,Vercelli,VC,45.32398135,8.423234312,1143,,
2020-05-03T17:00:00,ITA,01,Piemonte,991,In fase di definizione/aggiornamento,,0,0,351,,
2020-05-03T17:00:00,ITA,16,Puglia,072,Bari,BA,41.12559576,16.86736689,1322,,
2020-05-03T17:00:00,ITA,16,Puglia,110,Barletta-Andria-Trani,BT,41.22705039,16.29520432,379,,
2020-05-03T17:00:00,ITA,16,Puglia,074,Brindisi,BR,40.63848545,17.94601575,582,,
2020-05-03T17:00:00,ITA,16,Puglia,071,Foggia,FG,41.46226865,15.54305094,1068,,
2020-05-03T17:00:00,ITA,16,Puglia,075,Lecce,LE,40.35354285,18.1718973,497,,
2020-05-03T17:00:00,ITA,16,Puglia,073,Taranto,TA,40.47354739,17.23237181,263,,
2020-05-03T17:00:00,ITA,16,Puglia,992,In fase di definizione/aggiornamento,,0,0,33,,
2020-05-03T17:00:00,ITA,20,Sardegna,092,Cagliari,CA,39.21531192,9.110616306,241,,
2020-05-03T17:00:00,ITA,20,Sardegna,091,Nuoro,NU,40.32318834,9.330296393,81,,
2020-05-03T17:00:00,ITA,20,Sardegna,095,Oristano,OR,39.90381075,8.591183151,55,,
2020-05-03T17:00:00,ITA,20,Sardegna,090,Sassari,SS,40.72667657,8.559667131,848,,
2020-05-03T17:00:00,ITA,20,Sardegna,111,Sud Sardegna,SU,39.16641462,8.526242676,94,,
2020-05-03T17:00:00,ITA,20,Sardegna,993,In fase di definizione/aggiornamento,,0,0,0,,
2020-05-03T17:00:00,ITA,19,Sicilia,084,Agrigento,AG,37.30971088,13.5845749,135,,
2020-05-03T17:00:00,ITA,19,Sicilia,085,Caltanissetta,CL,37.49213171,14.06184973,159,,
2020-05-03T17:00:00,ITA,19,Sicilia,087,Catania,CT,37.50287803,15.08704691,1002,,
2020-05-03T17:00:00,ITA,19,Sicilia,086,Enna,EN,37.56705701,14.27909375,418,,
2020-05-03T17:00:00,ITA,19,Sicilia,083,Messina,ME,38.19395845,15.55572302,550,,
2020-05-03T17:00:00,ITA,19,Sicilia,082,Palermo,PA,38.11569725,13.3623567,511,,
2020-05-03T17:00:00,ITA,19,Sicilia,088,Ragusa,RG,36.92509198,14.73069891,92,,
2020-05-03T17:00:00,ITA,19,Sicilia,089,Siracusa,SR,37.05991687,15.29333182,234,,
2020-05-03T17:00:00,ITA,19,Sicilia,081,Trapani,TP,38.01850065,12.51365684,139,,
2020-05-03T17:00:00,ITA,19,Sicilia,994,In fase di definizione/aggiornamento,,0,0,0,,
2020-05-03T17:00:00,ITA,09,Toscana,051,Arezzo,AR,43.46642752,11.88228844,648,,
2020-05-03T17:00:00,ITA,09,Toscana,048,Firenze,FI,43.76923077,11.25588885,3210,,
2020-05-03T17:00:00,ITA,09,Toscana,053,Grosseto,GR,42.76026758,11.11356398,409,,
2020-05-03T17:00:00,ITA,09,Toscana,049,Livorno,LI,43.55234873,10.3086781,523,,
2020-05-03T17:00:00,ITA,09,Toscana,046,Lucca,LU,43.84432283,10.50151366,1304,,
2020-05-03T17:00:00,ITA,09,Toscana,045,Massa Carrara,MS,44.03674425,10.14173829,1015,,
2020-05-03T17:00:00,ITA,09,Toscana,050,Pisa,PI,43.71553206,10.40127259,857,,
2020-05-03T17:00:00,ITA,09,Toscana,047,Pistoia,PT,43.933465,10.91734146,644,,
2020-05-03T17:00:00,ITA,09,Toscana,100,Prato,PO,43.88062274,11.09703315,529,,
2020-05-03T17:00:00,ITA,09,Toscana,052,Siena,SI,43.31816374,11.33190988,424,,
2020-05-03T17:00:00,ITA,09,Toscana,995,In fase di definizione/aggiornamento,,0,0,0,,
2020-05-03T17:00:00,ITA,04,P.A. Trento,022,Trento,TN,46.06893511,11.12123097,4247,,
2020-05-03T17:00:00,ITA,04,P.A. Trento,996,In fase di definizione/aggiornamento,,0,0,0,,
2020-05-03T17:00:00,ITA,10,Umbria,054,Perugia,PG,43.10675841,12.38824698,992,,
2020-05-03T17:00:00,ITA,10,Umbria,055,Terni,TR,42.56071258,12.6466875,350,,
2020-05-03T17:00:00,ITA,10,Umbria,997,In fase di definizione/aggiornamento,,0,0,52,,
2020-05-03T17:00:00,ITA,02,Valle d'Aosta,007,Aosta,AO,45.73750286,7.320149366,1142,,
2020-05-03T17:00:00,ITA,02,Valle d'Aosta,998,In fase di definizione/aggiornamento,,0,0,0,,
2020-05-03T17:00:00,ITA,05,Veneto,025,Belluno,BL,46.13837528,12.21704167,1129,,
2020-05-03T17:00:00,ITA,05,Veneto,028,Padova,PD,45.40692987,11.87608718,3867,,
2020-05-03T17:00:00,ITA,05,Veneto,029,Rovigo,RO,45.07107289,11.79007,431,,
2020-05-03T17:00:00,ITA,05,Veneto,026,Treviso,TV,45.66754571,12.24507363,2551,,
2020-05-03T17:00:00,ITA,05,Veneto,027,Venezia,VE,45.43490485,12.33845213,2502,,
2020-05-03T17:00:00,ITA,05,Veneto,023,Verona,VR,45.43839046,10.99352685,4800,,
2020-05-03T17:00:00,ITA,05,Veneto,024,Vicenza,VI,45.547497,11.54597109,2713,,
2020-05-03T17:00:00,ITA,05,Veneto,999,In fase di definizione/aggiornamento,,0,0,325,,
=======
2020-05-13T17:00:00,ITA,13,Abruzzo,069,Chieti,CH,42.35103167,14.16754574,778,,
2020-05-13T17:00:00,ITA,13,Abruzzo,066,L'Aquila,AQ,42.35122196,13.39843823,244,,
2020-05-13T17:00:00,ITA,13,Abruzzo,068,Pescara,PE,42.46458398,14.21364822,1460,,
2020-05-13T17:00:00,ITA,13,Abruzzo,067,Teramo,TE,42.6589177,13.70439971,645,,
2020-05-13T17:00:00,ITA,13,Abruzzo,979,In fase di definizione/aggiornamento,,0,0,0,,
2020-05-13T17:00:00,ITA,17,Basilicata,077,Matera,MT,40.66751177,16.59792442,206,,
2020-05-13T17:00:00,ITA,17,Basilicata,076,Potenza,PZ,40.63947052,15.80514834,183,,
2020-05-13T17:00:00,ITA,17,Basilicata,980,In fase di definizione/aggiornamento,,0,0,0,,
2020-05-13T17:00:00,ITA,04,P.A. Bolzano,021,Bolzano,BZ,46.49933453,11.35662422,2575,,
2020-05-13T17:00:00,ITA,04,P.A. Bolzano,981,In fase di definizione/aggiornamento,,0,0,0,,
2020-05-13T17:00:00,ITA,18,Calabria,079,Catanzaro,CZ,38.90597598,16.59440194,211,,
2020-05-13T17:00:00,ITA,18,Calabria,078,Cosenza,CS,39.29308681,16.25609692,464,,
2020-05-13T17:00:00,ITA,18,Calabria,101,Crotone,KR,39.08036878,17.12538864,118,,
2020-05-13T17:00:00,ITA,18,Calabria,080,Reggio di Calabria,RC,38.10922769,15.6434527,268,,
2020-05-13T17:00:00,ITA,18,Calabria,102,Vibo Valentia,VV,38.67624147,16.10157414,77,,
2020-05-13T17:00:00,ITA,18,Calabria,982,In fase di definizione/aggiornamento,,0,0,2,,
2020-05-13T17:00:00,ITA,15,Campania,064,Avellino,AV,40.91404699,14.79528803,508,,
2020-05-13T17:00:00,ITA,15,Campania,062,Benevento,BN,41.12969987,14.78151683,192,,
2020-05-13T17:00:00,ITA,15,Campania,061,Caserta,CE,41.07465878,14.33240464,433,,
2020-05-13T17:00:00,ITA,15,Campania,063,Napoli,NA,40.83956555,14.25084984,2549,,
2020-05-13T17:00:00,ITA,15,Campania,065,Salerno,SA,40.67821961,14.7594026,668,,
2020-05-13T17:00:00,ITA,15,Campania,983,In fase di definizione/aggiornamento,,0,0,280,,
2020-05-13T17:00:00,ITA,08,Emilia-Romagna,037,Bologna,BO,44.49436681,11.3417208,4826,,
2020-05-13T17:00:00,ITA,08,Emilia-Romagna,038,Ferrara,FE,44.83599085,11.61868934,977,,
2020-05-13T17:00:00,ITA,08,Emilia-Romagna,040,Forlì-Cesena,FC,44.22268559,12.04068608,1694,,
2020-05-13T17:00:00,ITA,08,Emilia-Romagna,036,Modena,MO,44.64600009,10.92615487,3837,,
2020-05-13T17:00:00,ITA,08,Emilia-Romagna,034,Parma,PR,44.80107394,10.32834985,3317,,
2020-05-13T17:00:00,ITA,08,Emilia-Romagna,033,Piacenza,PC,45.05193462,9.692632596,4391,,
2020-05-13T17:00:00,ITA,08,Emilia-Romagna,039,Ravenna,RA,44.41722493,12.19913936,999,,
2020-05-13T17:00:00,ITA,08,Emilia-Romagna,035,Reggio nell'Emilia,RE,44.69735289,10.63007973,4859,,
2020-05-13T17:00:00,ITA,08,Emilia-Romagna,099,Rimini,RN,44.06090087,12.5656295,2079,,
2020-05-13T17:00:00,ITA,08,Emilia-Romagna,984,In fase di definizione/aggiornamento,,0,0,0,,
2020-05-13T17:00:00,ITA,06,Friuli Venezia Giulia,031,Gorizia,GO,45.94149817,13.62212502,197,,
2020-05-13T17:00:00,ITA,06,Friuli Venezia Giulia,093,Pordenone,PN,45.95443546,12.66002909,659,,
2020-05-13T17:00:00,ITA,06,Friuli Venezia Giulia,032,Trieste,TS,45.6494354,13.76813649,1329,,
2020-05-13T17:00:00,ITA,06,Friuli Venezia Giulia,030,Udine,UD,46.06255516,13.2348383,971,,
2020-05-13T17:00:00,ITA,06,Friuli Venezia Giulia,985,In fase di definizione/aggiornamento,,0,0,0,,
2020-05-13T17:00:00,ITA,12,Lazio,060,Frosinone,FR,41.63964569,13.35117161,579,,
2020-05-13T17:00:00,ITA,12,Lazio,059,Latina,LT,41.46759465,12.90368482,511,,
2020-05-13T17:00:00,ITA,12,Lazio,057,Rieti,RI,42.40488444,12.86205939,349,,
2020-05-13T17:00:00,ITA,12,Lazio,058,Roma,RM,41.89277044,12.48366722,5291,,
2020-05-13T17:00:00,ITA,12,Lazio,056,Viterbo,VT,42.4173828,12.10473416,410,,
2020-05-13T17:00:00,ITA,12,Lazio,986,In fase di definizione/aggiornamento,,0,0,110,,
2020-05-13T17:00:00,ITA,07,Liguria,010,Genova,GE,44.41149314,8.9326992,5122,,
2020-05-13T17:00:00,ITA,07,Liguria,008,Imperia,IM,43.88570648,8.027850298,1445,,
2020-05-13T17:00:00,ITA,07,Liguria,011,La Spezia,SP,44.10704991,9.8281897,896,,
2020-05-13T17:00:00,ITA,07,Liguria,009,Savona,SV,44.30750461,8.481108654,1463,,
2020-05-13T17:00:00,ITA,07,Liguria,987,In fase di definizione/aggiornamento,,0,0,4,,
2020-05-13T17:00:00,ITA,03,Lombardia,016,Bergamo,BG,45.69441368,9.668424528,12318,,
2020-05-13T17:00:00,ITA,03,Lombardia,017,Brescia,BS,45.53993052,10.21910323,13842,,
2020-05-13T17:00:00,ITA,03,Lombardia,013,Como,CO,45.8099912,9.085159546,3556,,
2020-05-13T17:00:00,ITA,03,Lombardia,019,Cremona,CR,45.13336675,10.02420865,6273,,
2020-05-13T17:00:00,ITA,03,Lombardia,097,Lecco,LC,45.85575781,9.393392246,2583,,
2020-05-13T17:00:00,ITA,03,Lombardia,098,Lodi,LO,45.31440693,9.503720769,3301,,
2020-05-13T17:00:00,ITA,03,Lombardia,020,Mantova,MN,45.15726772,10.79277363,3266,,
2020-05-13T17:00:00,ITA,03,Lombardia,015,Milano,MI,45.46679409,9.190347404,21731,,
2020-05-13T17:00:00,ITA,03,Lombardia,108,Monza e della Brianza,MB,45.58439043,9.273582472,5141,,
2020-05-13T17:00:00,ITA,03,Lombardia,018,Pavia,PV,45.18509264,9.160157191,4849,,
2020-05-13T17:00:00,ITA,03,Lombardia,014,Sondrio,SO,46.17099261,9.87147489,1321,,
2020-05-13T17:00:00,ITA,03,Lombardia,012,Varese,VA,45.81701677,8.822868344,3302,,
2020-05-13T17:00:00,ITA,03,Lombardia,988,In fase di definizione/aggiornamento,,0,0,1815,,
2020-05-13T17:00:00,ITA,11,Marche,042,Ancona,AN,43.61675973,13.5188753,1840,,
2020-05-13T17:00:00,ITA,11,Marche,044,Ascoli Piceno,AP,42.85322304,13.57691127,288,,
2020-05-13T17:00:00,ITA,11,Marche,109,Fermo,FM,43.16058534,13.71839535,455,,
2020-05-13T17:00:00,ITA,11,Marche,043,Macerata,MC,43.30023926,13.45307182,1077,,
2020-05-13T17:00:00,ITA,11,Marche,041,Pesaro e Urbino,PU,43.91014021,12.91345989,2705,,
2020-05-13T17:00:00,ITA,11,Marche,989,In fase di definizione/aggiornamento,,0,0,223,,
2020-05-13T17:00:00,ITA,14,Molise,070,Campobasso,CB,41.55774754,14.65916051,325,,
2020-05-13T17:00:00,ITA,14,Molise,094,Isernia,IS,41.58800826,14.22575407,57,,
2020-05-13T17:00:00,ITA,14,Molise,990,In fase di definizione/aggiornamento,,0,0,19,,
2020-05-13T17:00:00,ITA,01,Piemonte,006,Alessandria,AL,44.91297351,8.615401155,3755,,
2020-05-13T17:00:00,ITA,01,Piemonte,005,Asti,AT,44.89912921,8.204142547,1699,,
2020-05-13T17:00:00,ITA,01,Piemonte,096,Biella,BI,45.5665112,8.054082167,1021,,
2020-05-13T17:00:00,ITA,01,Piemonte,004,Cuneo,CN,44.39329625,7.551171632,2659,,
2020-05-13T17:00:00,ITA,01,Piemonte,003,Novara,NO,45.44588506,8.621915884,2528,,
2020-05-13T17:00:00,ITA,01,Piemonte,001,Torino,TO,45.0732745,7.680687483,14719,,
2020-05-13T17:00:00,ITA,01,Piemonte,103,Verbano-Cusio-Ossola,VB,45.9214455,8.551078753,1098,,
2020-05-13T17:00:00,ITA,01,Piemonte,002,Vercelli,VC,45.32398135,8.423234312,1211,,
2020-05-13T17:00:00,ITA,01,Piemonte,991,In fase di definizione/aggiornamento,,0,0,368,,
2020-05-13T17:00:00,ITA,16,Puglia,072,Bari,BA,41.12559576,16.86736689,1429,,
2020-05-13T17:00:00,ITA,16,Puglia,110,Barletta-Andria-Trani,BT,41.22705039,16.29520432,381,,
2020-05-13T17:00:00,ITA,16,Puglia,074,Brindisi,BR,40.63848545,17.94601575,608,,
2020-05-13T17:00:00,ITA,16,Puglia,071,Foggia,FG,41.46226865,15.54305094,1119,,
2020-05-13T17:00:00,ITA,16,Puglia,075,Lecce,LE,40.35354285,18.1718973,508,,
2020-05-13T17:00:00,ITA,16,Puglia,073,Taranto,TA,40.47354739,17.23237181,273,,
2020-05-13T17:00:00,ITA,16,Puglia,992,In fase di definizione/aggiornamento,,0,0,30,,
2020-05-13T17:00:00,ITA,20,Sardegna,092,Cagliari,CA,39.21531192,9.110616306,246,,
2020-05-13T17:00:00,ITA,20,Sardegna,091,Nuoro,NU,40.32318834,9.330296393,78,,
2020-05-13T17:00:00,ITA,20,Sardegna,095,Oristano,OR,39.90381075,8.591183151,58,,
2020-05-13T17:00:00,ITA,20,Sardegna,090,Sassari,SS,40.72667657,8.559667131,866,,
2020-05-13T17:00:00,ITA,20,Sardegna,111,Sud Sardegna,SU,39.16641462,8.526242676,97,,
2020-05-13T17:00:00,ITA,20,Sardegna,993,In fase di definizione/aggiornamento,,0,0,0,,
2020-05-13T17:00:00,ITA,19,Sicilia,084,Agrigento,AG,37.30971088,13.5845749,141,,
2020-05-13T17:00:00,ITA,19,Sicilia,085,Caltanissetta,CL,37.49213171,14.06184973,164,,
2020-05-13T17:00:00,ITA,19,Sicilia,087,Catania,CT,37.50287803,15.08704691,1047,,
2020-05-13T17:00:00,ITA,19,Sicilia,086,Enna,EN,37.56705701,14.27909375,421,,
2020-05-13T17:00:00,ITA,19,Sicilia,083,Messina,ME,38.19395845,15.55572302,558,,
2020-05-13T17:00:00,ITA,19,Sicilia,082,Palermo,PA,38.11569725,13.3623567,549,,
2020-05-13T17:00:00,ITA,19,Sicilia,088,Ragusa,RG,36.92509198,14.73069891,94,,
2020-05-13T17:00:00,ITA,19,Sicilia,089,Siracusa,SR,37.05991687,15.29333182,241,,
2020-05-13T17:00:00,ITA,19,Sicilia,081,Trapani,TP,38.01850065,12.51365684,139,,
2020-05-13T17:00:00,ITA,19,Sicilia,994,In fase di definizione/aggiornamento,,0,0,0,,
2020-05-13T17:00:00,ITA,09,Toscana,051,Arezzo,AR,43.46642752,11.88228844,667,,
2020-05-13T17:00:00,ITA,09,Toscana,048,Firenze,FI,43.76923077,11.25588885,3340,,
2020-05-13T17:00:00,ITA,09,Toscana,053,Grosseto,GR,42.76026758,11.11356398,421,,
2020-05-13T17:00:00,ITA,09,Toscana,049,Livorno,LI,43.55234873,10.3086781,538,,
2020-05-13T17:00:00,ITA,09,Toscana,046,Lucca,LU,43.84432283,10.50151366,1331,,
2020-05-13T17:00:00,ITA,09,Toscana,045,Massa Carrara,MS,44.03674425,10.14173829,1033,,
2020-05-13T17:00:00,ITA,09,Toscana,050,Pisa,PI,43.71553206,10.40127259,875,,
2020-05-13T17:00:00,ITA,09,Toscana,047,Pistoia,PT,43.933465,10.91734146,654,,
2020-05-13T17:00:00,ITA,09,Toscana,100,Prato,PO,43.88062274,11.09703315,543,,
2020-05-13T17:00:00,ITA,09,Toscana,052,Siena,SI,43.31816374,11.33190988,427,,
2020-05-13T17:00:00,ITA,09,Toscana,995,In fase di definizione/aggiornamento,,0,0,0,,
2020-05-13T17:00:00,ITA,04,P.A. Trento,022,Trento,TN,46.06893511,11.12123097,4312,,
2020-05-13T17:00:00,ITA,04,P.A. Trento,996,In fase di definizione/aggiornamento,,0,0,0,,
2020-05-13T17:00:00,ITA,10,Umbria,054,Perugia,PG,43.10675841,12.38824698,996,,
2020-05-13T17:00:00,ITA,10,Umbria,055,Terni,TR,42.56071258,12.6466875,368,,
2020-05-13T17:00:00,ITA,10,Umbria,997,In fase di definizione/aggiornamento,,0,0,55,,
2020-05-13T17:00:00,ITA,02,Valle d'Aosta,007,Aosta,AO,45.73750286,7.320149366,1163,,
2020-05-13T17:00:00,ITA,02,Valle d'Aosta,998,In fase di definizione/aggiornamento,,0,0,0,,
2020-05-13T17:00:00,ITA,05,Veneto,025,Belluno,BL,46.13837528,12.21704167,1150,,
2020-05-13T17:00:00,ITA,05,Veneto,028,Padova,PD,45.40692987,11.87608718,3904,,
2020-05-13T17:00:00,ITA,05,Veneto,029,Rovigo,RO,45.07107289,11.79007,435,,
2020-05-13T17:00:00,ITA,05,Veneto,026,Treviso,TV,45.66754571,12.24507363,2618,,
2020-05-13T17:00:00,ITA,05,Veneto,027,Venezia,VE,45.43490485,12.33845213,2617,,
2020-05-13T17:00:00,ITA,05,Veneto,023,Verona,VR,45.43839046,10.99352685,4967,,
2020-05-13T17:00:00,ITA,05,Veneto,024,Vicenza,VI,45.547497,11.54597109,2789,,
2020-05-13T17:00:00,ITA,05,Veneto,999,In fase di definizione/aggiornamento,,0,0,333,,
>>>>>>> 76eaf8f131aba3e5af35052d52953038a6f2db17
=======
2020-05-14T17:00:00,ITA,13,Abruzzo,069,Chieti,CH,42.35103167,14.16754574,778,,
2020-05-14T17:00:00,ITA,13,Abruzzo,066,L'Aquila,AQ,42.35122196,13.39843823,246,,
2020-05-14T17:00:00,ITA,13,Abruzzo,068,Pescara,PE,42.46458398,14.21364822,1467,,
2020-05-14T17:00:00,ITA,13,Abruzzo,067,Teramo,TE,42.6589177,13.70439971,645,,
2020-05-14T17:00:00,ITA,13,Abruzzo,979,In fase di definizione/aggiornamento,,0,0,0,,
2020-05-14T17:00:00,ITA,17,Basilicata,077,Matera,MT,40.66751177,16.59792442,206,,
2020-05-14T17:00:00,ITA,17,Basilicata,076,Potenza,PZ,40.63947052,15.80514834,183,,
2020-05-14T17:00:00,ITA,17,Basilicata,980,In fase di definizione/aggiornamento,,0,0,0,,
2020-05-14T17:00:00,ITA,04,P.A. Bolzano,021,Bolzano,BZ,46.49933453,11.35662422,2578,,
2020-05-14T17:00:00,ITA,04,P.A. Bolzano,981,In fase di definizione/aggiornamento,,0,0,0,,
2020-05-14T17:00:00,ITA,18,Calabria,079,Catanzaro,CZ,38.90597598,16.59440194,211,,
2020-05-14T17:00:00,ITA,18,Calabria,078,Cosenza,CS,39.29308681,16.25609692,465,,
2020-05-14T17:00:00,ITA,18,Calabria,101,Crotone,KR,39.08036878,17.12538864,118,,
2020-05-14T17:00:00,ITA,18,Calabria,080,Reggio di Calabria,RC,38.10922769,15.6434527,270,,
2020-05-14T17:00:00,ITA,18,Calabria,102,Vibo Valentia,VV,38.67624147,16.10157414,77,,
2020-05-14T17:00:00,ITA,18,Calabria,982,In fase di definizione/aggiornamento,,0,0,2,,
2020-05-14T17:00:00,ITA,15,Campania,064,Avellino,AV,40.91404699,14.79528803,509,,
2020-05-14T17:00:00,ITA,15,Campania,062,Benevento,BN,41.12969987,14.78151683,192,,
2020-05-14T17:00:00,ITA,15,Campania,061,Caserta,CE,41.07465878,14.33240464,434,,
2020-05-14T17:00:00,ITA,15,Campania,063,Napoli,NA,40.83956555,14.25084984,2551,,
2020-05-14T17:00:00,ITA,15,Campania,065,Salerno,SA,40.67821961,14.7594026,671,,
2020-05-14T17:00:00,ITA,15,Campania,983,In fase di definizione/aggiornamento,,0,0,282,,
2020-05-14T17:00:00,ITA,08,Emilia-Romagna,037,Bologna,BO,44.49436681,11.3417208,4841,,
2020-05-14T17:00:00,ITA,08,Emilia-Romagna,038,Ferrara,FE,44.83599085,11.61868934,977,,
2020-05-14T17:00:00,ITA,08,Emilia-Romagna,040,Forlì-Cesena,FC,44.22268559,12.04068608,1695,,
2020-05-14T17:00:00,ITA,08,Emilia-Romagna,036,Modena,MO,44.64600009,10.92615487,3839,,
2020-05-14T17:00:00,ITA,08,Emilia-Romagna,034,Parma,PR,44.80107394,10.32834985,3346,,
2020-05-14T17:00:00,ITA,08,Emilia-Romagna,033,Piacenza,PC,45.05193462,9.692632596,4405,,
2020-05-14T17:00:00,ITA,08,Emilia-Romagna,039,Ravenna,RA,44.41722493,12.19913936,1000,,
2020-05-14T17:00:00,ITA,08,Emilia-Romagna,035,Reggio nell'Emilia,RE,44.69735289,10.63007973,4870,,
2020-05-14T17:00:00,ITA,08,Emilia-Romagna,099,Rimini,RN,44.06090087,12.5656295,2083,,
2020-05-14T17:00:00,ITA,08,Emilia-Romagna,984,In fase di definizione/aggiornamento,,0,0,0,,
2020-05-14T17:00:00,ITA,06,Friuli Venezia Giulia,031,Gorizia,GO,45.94149817,13.62212502,198,,
2020-05-14T17:00:00,ITA,06,Friuli Venezia Giulia,093,Pordenone,PN,45.95443546,12.66002909,659,,
2020-05-14T17:00:00,ITA,06,Friuli Venezia Giulia,032,Trieste,TS,45.6494354,13.76813649,1332,,
2020-05-14T17:00:00,ITA,06,Friuli Venezia Giulia,030,Udine,UD,46.06255516,13.2348383,972,,
2020-05-14T17:00:00,ITA,06,Friuli Venezia Giulia,985,In fase di definizione/aggiornamento,,0,0,0,,
2020-05-14T17:00:00,ITA,12,Lazio,060,Frosinone,FR,41.63964569,13.35117161,579,,
2020-05-14T17:00:00,ITA,12,Lazio,059,Latina,LT,41.46759465,12.90368482,511,,
2020-05-14T17:00:00,ITA,12,Lazio,057,Rieti,RI,42.40488444,12.86205939,368,,
2020-05-14T17:00:00,ITA,12,Lazio,058,Roma,RM,41.89277044,12.48366722,5308,,
2020-05-14T17:00:00,ITA,12,Lazio,056,Viterbo,VT,42.4173828,12.10473416,415,,
2020-05-14T17:00:00,ITA,12,Lazio,986,In fase di definizione/aggiornamento,,0,0,110,,
2020-05-14T17:00:00,ITA,07,Liguria,010,Genova,GE,44.41149314,8.9326992,5165,,
2020-05-14T17:00:00,ITA,07,Liguria,008,Imperia,IM,43.88570648,8.027850298,1456,,
2020-05-14T17:00:00,ITA,07,Liguria,011,La Spezia,SP,44.10704991,9.8281897,899,,
2020-05-14T17:00:00,ITA,07,Liguria,009,Savona,SV,44.30750461,8.481108654,1471,,
2020-05-14T17:00:00,ITA,07,Liguria,987,In fase di definizione/aggiornamento,,0,0,4,,
2020-05-14T17:00:00,ITA,03,Lombardia,016,Bergamo,BG,45.69441368,9.668424528,12347,,
2020-05-14T17:00:00,ITA,03,Lombardia,017,Brescia,BS,45.53993052,10.21910323,13948,,
2020-05-14T17:00:00,ITA,03,Lombardia,013,Como,CO,45.8099912,9.085159546,3598,,
2020-05-14T17:00:00,ITA,03,Lombardia,019,Cremona,CR,45.13336675,10.02420865,6285,,
2020-05-14T17:00:00,ITA,03,Lombardia,097,Lecco,LC,45.85575781,9.393392246,2599,,
2020-05-14T17:00:00,ITA,03,Lombardia,098,Lodi,LO,45.31440693,9.503720769,3313,,
2020-05-14T17:00:00,ITA,03,Lombardia,020,Mantova,MN,45.15726772,10.79277363,3275,,
2020-05-14T17:00:00,ITA,03,Lombardia,015,Milano,MI,45.46679409,9.190347404,21900,,
2020-05-14T17:00:00,ITA,03,Lombardia,108,Monza e della Brianza,MB,45.58439043,9.273582472,5182,,
2020-05-14T17:00:00,ITA,03,Lombardia,018,Pavia,PV,45.18509264,9.160157191,4896,,
2020-05-14T17:00:00,ITA,03,Lombardia,014,Sondrio,SO,46.17099261,9.87147489,1338,,
2020-05-14T17:00:00,ITA,03,Lombardia,012,Varese,VA,45.81701677,8.822868344,3322,,
2020-05-14T17:00:00,ITA,03,Lombardia,988,In fase di definizione/aggiornamento,,0,0,1817,,
2020-05-14T17:00:00,ITA,11,Marche,042,Ancona,AN,43.61675973,13.5188753,1840,,
2020-05-14T17:00:00,ITA,11,Marche,044,Ascoli Piceno,AP,42.85322304,13.57691127,288,,
2020-05-14T17:00:00,ITA,11,Marche,109,Fermo,FM,43.16058534,13.71839535,455,,
2020-05-14T17:00:00,ITA,11,Marche,043,Macerata,MC,43.30023926,13.45307182,1082,,
2020-05-14T17:00:00,ITA,11,Marche,041,Pesaro e Urbino,PU,43.91014021,12.91345989,2713,,
2020-05-14T17:00:00,ITA,11,Marche,989,In fase di definizione/aggiornamento,,0,0,225,,
2020-05-14T17:00:00,ITA,14,Molise,070,Campobasso,CB,41.55774754,14.65916051,327,,
2020-05-14T17:00:00,ITA,14,Molise,094,Isernia,IS,41.58800826,14.22575407,57,,
2020-05-14T17:00:00,ITA,14,Molise,990,In fase di definizione/aggiornamento,,0,0,19,,
2020-05-14T17:00:00,ITA,01,Piemonte,006,Alessandria,AL,44.91297351,8.615401155,3769,,
2020-05-14T17:00:00,ITA,01,Piemonte,005,Asti,AT,44.89912921,8.204142547,1711,,
2020-05-14T17:00:00,ITA,01,Piemonte,096,Biella,BI,45.5665112,8.054082167,1022,,
2020-05-14T17:00:00,ITA,01,Piemonte,004,Cuneo,CN,44.39329625,7.551171632,2666,,
2020-05-14T17:00:00,ITA,01,Piemonte,003,Novara,NO,45.44588506,8.621915884,2543,,
2020-05-14T17:00:00,ITA,01,Piemonte,001,Torino,TO,45.0732745,7.680687483,14807,,
2020-05-14T17:00:00,ITA,01,Piemonte,103,Verbano-Cusio-Ossola,VB,45.9214455,8.551078753,1099,,
2020-05-14T17:00:00,ITA,01,Piemonte,002,Vercelli,VC,45.32398135,8.423234312,1226,,
2020-05-14T17:00:00,ITA,01,Piemonte,991,In fase di definizione/aggiornamento,,0,0,366,,
2020-05-14T17:00:00,ITA,16,Puglia,072,Bari,BA,41.12559576,16.86736689,1431,,
2020-05-14T17:00:00,ITA,16,Puglia,110,Barletta-Andria-Trani,BT,41.22705039,16.29520432,382,,
2020-05-14T17:00:00,ITA,16,Puglia,074,Brindisi,BR,40.63848545,17.94601575,610,,
2020-05-14T17:00:00,ITA,16,Puglia,071,Foggia,FG,41.46226865,15.54305094,1121,,
2020-05-14T17:00:00,ITA,16,Puglia,075,Lecce,LE,40.35354285,18.1718973,508,,
2020-05-14T17:00:00,ITA,16,Puglia,073,Taranto,TA,40.47354739,17.23237181,275,,
2020-05-14T17:00:00,ITA,16,Puglia,992,In fase di definizione/aggiornamento,,0,0,30,,
2020-05-14T17:00:00,ITA,20,Sardegna,092,Cagliari,CA,39.21531192,9.110616306,246,,
2020-05-14T17:00:00,ITA,20,Sardegna,091,Nuoro,NU,40.32318834,9.330296393,78,,
2020-05-14T17:00:00,ITA,20,Sardegna,095,Oristano,OR,39.90381075,8.591183151,58,,
2020-05-14T17:00:00,ITA,20,Sardegna,090,Sassari,SS,40.72667657,8.559667131,866,,
2020-05-14T17:00:00,ITA,20,Sardegna,111,Sud Sardegna,SU,39.16641462,8.526242676,97,,
2020-05-14T17:00:00,ITA,20,Sardegna,993,In fase di definizione/aggiornamento,,0,0,0,,
2020-05-14T17:00:00,ITA,19,Sicilia,084,Agrigento,AG,37.30971088,13.5845749,141,,
2020-05-14T17:00:00,ITA,19,Sicilia,085,Caltanissetta,CL,37.49213171,14.06184973,166,,
2020-05-14T17:00:00,ITA,19,Sicilia,087,Catania,CT,37.50287803,15.08704691,1057,,
2020-05-14T17:00:00,ITA,19,Sicilia,086,Enna,EN,37.56705701,14.27909375,421,,
2020-05-14T17:00:00,ITA,19,Sicilia,083,Messina,ME,38.19395845,15.55572302,558,,
2020-05-14T17:00:00,ITA,19,Sicilia,082,Palermo,PA,38.11569725,13.3623567,549,,
2020-05-14T17:00:00,ITA,19,Sicilia,088,Ragusa,RG,36.92509198,14.73069891,94,,
2020-05-14T17:00:00,ITA,19,Sicilia,089,Siracusa,SR,37.05991687,15.29333182,241,,
2020-05-14T17:00:00,ITA,19,Sicilia,081,Trapani,TP,38.01850065,12.51365684,139,,
2020-05-14T17:00:00,ITA,19,Sicilia,994,In fase di definizione/aggiornamento,,0,0,0,,
2020-05-14T17:00:00,ITA,09,Toscana,051,Arezzo,AR,43.46642752,11.88228844,668,,
2020-05-14T17:00:00,ITA,09,Toscana,048,Firenze,FI,43.76923077,11.25588885,3353,,
2020-05-14T17:00:00,ITA,09,Toscana,053,Grosseto,GR,42.76026758,11.11356398,421,,
2020-05-14T17:00:00,ITA,09,Toscana,049,Livorno,LI,43.55234873,10.3086781,539,,
2020-05-14T17:00:00,ITA,09,Toscana,046,Lucca,LU,43.84432283,10.50151366,1335,,
2020-05-14T17:00:00,ITA,09,Toscana,045,Massa Carrara,MS,44.03674425,10.14173829,1037,,
2020-05-14T17:00:00,ITA,09,Toscana,050,Pisa,PI,43.71553206,10.40127259,876,,
2020-05-14T17:00:00,ITA,09,Toscana,047,Pistoia,PT,43.933465,10.91734146,655,,
2020-05-14T17:00:00,ITA,09,Toscana,100,Prato,PO,43.88062274,11.09703315,546,,
2020-05-14T17:00:00,ITA,09,Toscana,052,Siena,SI,43.31816374,11.33190988,429,,
2020-05-14T17:00:00,ITA,09,Toscana,995,In fase di definizione/aggiornamento,,0,0,0,,
2020-05-14T17:00:00,ITA,04,P.A. Trento,022,Trento,TN,46.06893511,11.12123097,4315,,
2020-05-14T17:00:00,ITA,04,P.A. Trento,996,In fase di definizione/aggiornamento,,0,0,0,,
2020-05-14T17:00:00,ITA,10,Umbria,054,Perugia,PG,43.10675841,12.38824698,996,,
2020-05-14T17:00:00,ITA,10,Umbria,055,Terni,TR,42.56071258,12.6466875,369,,
2020-05-14T17:00:00,ITA,10,Umbria,997,In fase di definizione/aggiornamento,,0,0,55,,
2020-05-14T17:00:00,ITA,02,Valle d'Aosta,007,Aosta,AO,45.73750286,7.320149366,1166,,
2020-05-14T17:00:00,ITA,02,Valle d'Aosta,998,In fase di definizione/aggiornamento,,0,0,0,,
2020-05-14T17:00:00,ITA,05,Veneto,025,Belluno,BL,46.13837528,12.21704167,1151,,
2020-05-14T17:00:00,ITA,05,Veneto,028,Padova,PD,45.40692987,11.87608718,3907,,
2020-05-14T17:00:00,ITA,05,Veneto,029,Rovigo,RO,45.07107289,11.79007,436,,
2020-05-14T17:00:00,ITA,05,Veneto,026,Treviso,TV,45.66754571,12.24507363,2621,,
2020-05-14T17:00:00,ITA,05,Veneto,027,Venezia,VE,45.43490485,12.33845213,2622,,
2020-05-14T17:00:00,ITA,05,Veneto,023,Verona,VR,45.43839046,10.99352685,4978,,
2020-05-14T17:00:00,ITA,05,Veneto,024,Vicenza,VI,45.547497,11.54597109,2795,,
2020-05-14T17:00:00,ITA,05,Veneto,999,In fase di definizione/aggiornamento,,0,0,335,,
>>>>>>> 43378f4b4b9012f72d4b168131ae9a48b4c4b08f
=======
2020-05-21T17:00:00,ITA,13,Abruzzo,069,Chieti,CH,42.35103167,14.16754574,814,,
2020-05-21T17:00:00,ITA,13,Abruzzo,066,L'Aquila,AQ,42.35122196,13.39843823,246,,
2020-05-21T17:00:00,ITA,13,Abruzzo,068,Pescara,PE,42.46458398,14.21364822,1506,,
2020-05-21T17:00:00,ITA,13,Abruzzo,067,Teramo,TE,42.6589177,13.70439971,646,,
2020-05-21T17:00:00,ITA,13,Abruzzo,979,In fase di definizione/aggiornamento,,0,0,0,,
2020-05-21T17:00:00,ITA,17,Basilicata,077,Matera,MT,40.66751177,16.59792442,208,,
2020-05-21T17:00:00,ITA,17,Basilicata,076,Potenza,PZ,40.63947052,15.80514834,186,,
2020-05-21T17:00:00,ITA,17,Basilicata,980,In fase di definizione/aggiornamento,,0,0,0,,
2020-05-21T17:00:00,ITA,21,P.A. Bolzano,021,Bolzano,BZ,46.49933453,11.35662422,2587,,
2020-05-21T17:00:00,ITA,21,P.A. Bolzano,981,In fase di definizione/aggiornamento,,0,0,0,,
2020-05-21T17:00:00,ITA,18,Calabria,079,Catanzaro,CZ,38.90597598,16.59440194,213,,
2020-05-21T17:00:00,ITA,18,Calabria,078,Cosenza,CS,39.29308681,16.25609692,468,,
2020-05-21T17:00:00,ITA,18,Calabria,101,Crotone,KR,39.08036878,17.12538864,118,,
2020-05-21T17:00:00,ITA,18,Calabria,080,Reggio di Calabria,RC,38.10922769,15.6434527,274,,
2020-05-21T17:00:00,ITA,18,Calabria,102,Vibo Valentia,VV,38.67624147,16.10157414,81,,
2020-05-21T17:00:00,ITA,18,Calabria,982,In fase di definizione/aggiornamento,,0,0,2,,
2020-05-21T17:00:00,ITA,15,Campania,064,Avellino,AV,40.91404699,14.79528803,528,,
2020-05-21T17:00:00,ITA,15,Campania,062,Benevento,BN,41.12969987,14.78151683,200,,
2020-05-21T17:00:00,ITA,15,Campania,061,Caserta,CE,41.07465878,14.33240464,452,,
2020-05-21T17:00:00,ITA,15,Campania,063,Napoli,NA,40.83956555,14.25084984,2583,,
2020-05-21T17:00:00,ITA,15,Campania,065,Salerno,SA,40.67821961,14.7594026,675,,
2020-05-21T17:00:00,ITA,15,Campania,983,In fase di definizione/aggiornamento,,0,0,285,,
2020-05-21T17:00:00,ITA,08,Emilia-Romagna,037,Bologna,BO,44.49436681,11.3417208,4911,,
2020-05-21T17:00:00,ITA,08,Emilia-Romagna,038,Ferrara,FE,44.83599085,11.61868934,984,,
2020-05-21T17:00:00,ITA,08,Emilia-Romagna,040,Forlì-Cesena,FC,44.22268559,12.04068608,1709,,
2020-05-21T17:00:00,ITA,08,Emilia-Romagna,036,Modena,MO,44.64600009,10.92615487,3884,,
2020-05-21T17:00:00,ITA,08,Emilia-Romagna,034,Parma,PR,44.80107394,10.32834985,3435,,
2020-05-21T17:00:00,ITA,08,Emilia-Romagna,033,Piacenza,PC,45.05193462,9.692632596,4449,,
2020-05-21T17:00:00,ITA,08,Emilia-Romagna,039,Ravenna,RA,44.41722493,12.19913936,1018,,
2020-05-21T17:00:00,ITA,08,Emilia-Romagna,035,Reggio nell'Emilia,RE,44.69735289,10.63007973,4914,,
2020-05-21T17:00:00,ITA,08,Emilia-Romagna,099,Rimini,RN,44.06090087,12.5656295,2113,,
2020-05-21T17:00:00,ITA,08,Emilia-Romagna,984,In fase di definizione/aggiornamento,,0,0,0,,
2020-05-21T17:00:00,ITA,06,Friuli Venezia Giulia,031,Gorizia,GO,45.94149817,13.62212502,205,,
2020-05-21T17:00:00,ITA,06,Friuli Venezia Giulia,093,Pordenone,PN,45.95443546,12.66002909,670,,
2020-05-21T17:00:00,ITA,06,Friuli Venezia Giulia,032,Trieste,TS,45.6494354,13.76813649,1365,,
2020-05-21T17:00:00,ITA,06,Friuli Venezia Giulia,030,Udine,UD,46.06255516,13.2348383,975,,
2020-05-21T17:00:00,ITA,06,Friuli Venezia Giulia,985,In fase di definizione/aggiornamento,,0,0,0,,
2020-05-21T17:00:00,ITA,12,Lazio,060,Frosinone,FR,41.63964569,13.35117161,610,,
2020-05-21T17:00:00,ITA,12,Lazio,059,Latina,LT,41.46759465,12.90368482,523,,
2020-05-21T17:00:00,ITA,12,Lazio,057,Rieti,RI,42.40488444,12.86205939,378,,
2020-05-21T17:00:00,ITA,12,Lazio,058,Roma,RM,41.89277044,12.48366722,5509,,
2020-05-21T17:00:00,ITA,12,Lazio,056,Viterbo,VT,42.4173828,12.10473416,425,,
2020-05-21T17:00:00,ITA,12,Lazio,986,In fase di definizione/aggiornamento,,0,0,113,,
2020-05-21T17:00:00,ITA,07,Liguria,010,Genova,GE,44.41149314,8.9326992,5424,,
2020-05-21T17:00:00,ITA,07,Liguria,008,Imperia,IM,43.88570648,8.027850298,1495,,
2020-05-21T17:00:00,ITA,07,Liguria,011,La Spezia,SP,44.10704991,9.8281897,896,,
2020-05-21T17:00:00,ITA,07,Liguria,009,Savona,SV,44.30750461,8.481108654,1525,,
2020-05-21T17:00:00,ITA,07,Liguria,987,In fase di definizione/aggiornamento,,0,0,4,,
2020-05-21T17:00:00,ITA,03,Lombardia,016,Bergamo,BG,45.69441368,9.668424528,12681,,
2020-05-21T17:00:00,ITA,03,Lombardia,017,Brescia,BS,45.53993052,10.21910323,14326,,
2020-05-21T17:00:00,ITA,03,Lombardia,013,Como,CO,45.8099912,9.085159546,3678,,
2020-05-21T17:00:00,ITA,03,Lombardia,019,Cremona,CR,45.13336675,10.02420865,6365,,
2020-05-21T17:00:00,ITA,03,Lombardia,097,Lecco,LC,45.85575781,9.393392246,2700,,
2020-05-21T17:00:00,ITA,03,Lombardia,098,Lodi,LO,45.31440693,9.503720769,3387,,
2020-05-21T17:00:00,ITA,03,Lombardia,020,Mantova,MN,45.15726772,10.79277363,3308,,
2020-05-21T17:00:00,ITA,03,Lombardia,015,Milano,MI,45.46679409,9.190347404,22455,,
2020-05-21T17:00:00,ITA,03,Lombardia,108,Monza e della Brianza,MB,45.58439043,9.273582472,5396,,
2020-05-21T17:00:00,ITA,03,Lombardia,018,Pavia,PV,45.18509264,9.160157191,5105,,
2020-05-21T17:00:00,ITA,03,Lombardia,014,Sondrio,SO,46.17099261,9.87147489,1404,,
2020-05-21T17:00:00,ITA,03,Lombardia,012,Varese,VA,45.81701677,8.822868344,3423,,
2020-05-21T17:00:00,ITA,03,Lombardia,988,In fase di definizione/aggiornamento,,0,0,1863,,
2020-05-21T17:00:00,ITA,11,Marche,042,Ancona,AN,43.61675973,13.5188753,1860,,
2020-05-21T17:00:00,ITA,11,Marche,044,Ascoli Piceno,AP,42.85322304,13.57691127,290,,
2020-05-21T17:00:00,ITA,11,Marche,109,Fermo,FM,43.16058534,13.71839535,464,,
2020-05-21T17:00:00,ITA,11,Marche,043,Macerata,MC,43.30023926,13.45307182,1110,,
2020-05-21T17:00:00,ITA,11,Marche,041,Pesaro e Urbino,PU,43.91014021,12.91345989,2736,,
2020-05-21T17:00:00,ITA,11,Marche,989,In fase di definizione/aggiornamento,,0,0,229,,
2020-05-21T17:00:00,ITA,14,Molise,070,Campobasso,CB,41.55774754,14.65916051,347,,
2020-05-21T17:00:00,ITA,14,Molise,094,Isernia,IS,41.58800826,14.22575407,57,,
2020-05-21T17:00:00,ITA,14,Molise,990,In fase di definizione/aggiornamento,,0,0,19,,
2020-05-21T17:00:00,ITA,01,Piemonte,006,Alessandria,AL,44.91297351,8.615401155,3829,,
2020-05-21T17:00:00,ITA,01,Piemonte,005,Asti,AT,44.89912921,8.204142547,1761,,
2020-05-21T17:00:00,ITA,01,Piemonte,096,Biella,BI,45.5665112,8.054082167,1028,,
2020-05-21T17:00:00,ITA,01,Piemonte,004,Cuneo,CN,44.39329625,7.551171632,2715,,
2020-05-21T17:00:00,ITA,01,Piemonte,003,Novara,NO,45.44588506,8.621915884,2645,,
2020-05-21T17:00:00,ITA,01,Piemonte,001,Torino,TO,45.0732745,7.680687483,15294,,
2020-05-21T17:00:00,ITA,01,Piemonte,103,Verbano-Cusio-Ossola,VB,45.9214455,8.551078753,1101,,
2020-05-21T17:00:00,ITA,01,Piemonte,002,Vercelli,VC,45.32398135,8.423234312,1263,,
2020-05-21T17:00:00,ITA,01,Piemonte,991,In fase di definizione/aggiornamento,,0,0,354,,
2020-05-21T17:00:00,ITA,16,Puglia,072,Bari,BA,41.12559576,16.86736689,1447,,
2020-05-21T17:00:00,ITA,16,Puglia,110,Barletta-Andria-Trani,BT,41.22705039,16.29520432,382,,
2020-05-21T17:00:00,ITA,16,Puglia,074,Brindisi,BR,40.63848545,17.94601575,637,,
2020-05-21T17:00:00,ITA,16,Puglia,071,Foggia,FG,41.46226865,15.54305094,1132,,
2020-05-21T17:00:00,ITA,16,Puglia,075,Lecce,LE,40.35354285,18.1718973,509,,
2020-05-21T17:00:00,ITA,16,Puglia,073,Taranto,TA,40.47354739,17.23237181,276,,
2020-05-21T17:00:00,ITA,16,Puglia,992,In fase di definizione/aggiornamento,,0,0,30,,
2020-05-21T17:00:00,ITA,20,Sardegna,092,Cagliari,CA,39.21531192,9.110616306,249,,
2020-05-21T17:00:00,ITA,20,Sardegna,091,Nuoro,NU,40.32318834,9.330296393,79,,
2020-05-21T17:00:00,ITA,20,Sardegna,095,Oristano,OR,39.90381075,8.591183151,59,,
2020-05-21T17:00:00,ITA,20,Sardegna,090,Sassari,SS,40.72667657,8.559667131,872,,
2020-05-21T17:00:00,ITA,20,Sardegna,111,Sud Sardegna,SU,39.16641462,8.526242676,97,,
2020-05-21T17:00:00,ITA,20,Sardegna,993,In fase di definizione/aggiornamento,,0,0,0,,
2020-05-21T17:00:00,ITA,19,Sicilia,084,Agrigento,AG,37.30971088,13.5845749,141,,
2020-05-21T17:00:00,ITA,19,Sicilia,085,Caltanissetta,CL,37.49213171,14.06184973,172,,
2020-05-21T17:00:00,ITA,19,Sicilia,087,Catania,CT,37.50287803,15.08704691,1063,,
2020-05-21T17:00:00,ITA,19,Sicilia,086,Enna,EN,37.56705701,14.27909375,421,,
2020-05-21T17:00:00,ITA,19,Sicilia,083,Messina,ME,38.19395845,15.55572302,562,,
2020-05-21T17:00:00,ITA,19,Sicilia,082,Palermo,PA,38.11569725,13.3623567,574,,
2020-05-21T17:00:00,ITA,19,Sicilia,088,Ragusa,RG,36.92509198,14.73069891,97,,
2020-05-21T17:00:00,ITA,19,Sicilia,089,Siracusa,SR,37.05991687,15.29333182,248,,
2020-05-21T17:00:00,ITA,19,Sicilia,081,Trapani,TP,38.01850065,12.51365684,139,,
2020-05-21T17:00:00,ITA,19,Sicilia,994,In fase di definizione/aggiornamento,,0,0,0,,
2020-05-21T17:00:00,ITA,09,Toscana,051,Arezzo,AR,43.46642752,11.88228844,675,,
2020-05-21T17:00:00,ITA,09,Toscana,048,Firenze,FI,43.76923077,11.25588885,3420,,
2020-05-21T17:00:00,ITA,09,Toscana,053,Grosseto,GR,42.76026758,11.11356398,423,,
2020-05-21T17:00:00,ITA,09,Toscana,049,Livorno,LI,43.55234873,10.3086781,546,,
2020-05-21T17:00:00,ITA,09,Toscana,046,Lucca,LU,43.84432283,10.50151366,1352,,
2020-05-21T17:00:00,ITA,09,Toscana,045,Massa Carrara,MS,44.03674425,10.14173829,1044,,
2020-05-21T17:00:00,ITA,09,Toscana,050,Pisa,PI,43.71553206,10.40127259,885,,
2020-05-21T17:00:00,ITA,09,Toscana,047,Pistoia,PT,43.933465,10.91734146,666,,
2020-05-21T17:00:00,ITA,09,Toscana,100,Prato,PO,43.88062274,11.09703315,557,,
2020-05-21T17:00:00,ITA,09,Toscana,052,Siena,SI,43.31816374,11.33190988,432,,
2020-05-21T17:00:00,ITA,09,Toscana,995,In fase di definizione/aggiornamento,,0,0,0,,
2020-05-21T17:00:00,ITA,22,P.A. Trento,022,Trento,TN,46.06893511,11.12123097,4378,,
2020-05-21T17:00:00,ITA,22,P.A. Trento,996,In fase di definizione/aggiornamento,,0,0,0,,
2020-05-21T17:00:00,ITA,10,Umbria,054,Perugia,PG,43.10675841,12.38824698,1003,,
2020-05-21T17:00:00,ITA,10,Umbria,055,Terni,TR,42.56071258,12.6466875,372,,
2020-05-21T17:00:00,ITA,10,Umbria,997,In fase di definizione/aggiornamento,,0,0,54,,
2020-05-21T17:00:00,ITA,02,Valle d'Aosta,007,Aosta,AO,45.73750286,7.320149366,1176,,
2020-05-21T17:00:00,ITA,02,Valle d'Aosta,998,In fase di definizione/aggiornamento,,0,0,0,,
2020-05-21T17:00:00,ITA,05,Veneto,025,Belluno,BL,46.13837528,12.21704167,1153,,
2020-05-21T17:00:00,ITA,05,Veneto,028,Padova,PD,45.40692987,11.87608718,3923,,
2020-05-21T17:00:00,ITA,05,Veneto,029,Rovigo,RO,45.07107289,11.79007,440,,
2020-05-21T17:00:00,ITA,05,Veneto,026,Treviso,TV,45.66754571,12.24507363,2650,,
2020-05-21T17:00:00,ITA,05,Veneto,027,Venezia,VE,45.43490485,12.33845213,2644,,
2020-05-21T17:00:00,ITA,05,Veneto,023,Verona,VR,45.43839046,10.99352685,5053,,
2020-05-21T17:00:00,ITA,05,Veneto,024,Vicenza,VI,45.547497,11.54597109,2831,,
2020-05-21T17:00:00,ITA,05,Veneto,999,In fase di definizione/aggiornamento,,0,0,344,,
>>>>>>> e3b895f4cbe3bec7820f8deceaeb1780f88338bd
=======
2020-05-22T17:00:00,ITA,13,Abruzzo,069,Chieti,CH,42.35103167,14.16754574,818,,
2020-05-22T17:00:00,ITA,13,Abruzzo,066,L'Aquila,AQ,42.35122196,13.39843823,246,,
2020-05-22T17:00:00,ITA,13,Abruzzo,068,Pescara,PE,42.46458398,14.21364822,1509,,
2020-05-22T17:00:00,ITA,13,Abruzzo,067,Teramo,TE,42.6589177,13.70439971,647,,
2020-05-22T17:00:00,ITA,13,Abruzzo,979,In fase di definizione/aggiornamento,,0,0,0,,
2020-05-22T17:00:00,ITA,17,Basilicata,077,Matera,MT,40.66751177,16.59792442,208,,
2020-05-22T17:00:00,ITA,17,Basilicata,076,Potenza,PZ,40.63947052,15.80514834,186,,
2020-05-22T17:00:00,ITA,17,Basilicata,980,In fase di definizione/aggiornamento,,0,0,0,,
2020-05-22T17:00:00,ITA,21,P.A. Bolzano,021,Bolzano,BZ,46.49933453,11.35662422,2590,,
2020-05-22T17:00:00,ITA,21,P.A. Bolzano,981,In fase di definizione/aggiornamento,,0,0,0,,
2020-05-22T17:00:00,ITA,18,Calabria,079,Catanzaro,CZ,38.90597598,16.59440194,214,,
2020-05-22T17:00:00,ITA,18,Calabria,078,Cosenza,CS,39.29308681,16.25609692,468,,
2020-05-22T17:00:00,ITA,18,Calabria,101,Crotone,KR,39.08036878,17.12538864,118,,
2020-05-22T17:00:00,ITA,18,Calabria,080,Reggio di Calabria,RC,38.10922769,15.6434527,274,,
2020-05-22T17:00:00,ITA,18,Calabria,102,Vibo Valentia,VV,38.67624147,16.10157414,81,,
2020-05-22T17:00:00,ITA,18,Calabria,982,In fase di definizione/aggiornamento,,0,0,2,,
2020-05-22T17:00:00,ITA,15,Campania,064,Avellino,AV,40.91404699,14.79528803,534,,
2020-05-22T17:00:00,ITA,15,Campania,062,Benevento,BN,41.12969987,14.78151683,201,,
2020-05-22T17:00:00,ITA,15,Campania,061,Caserta,CE,41.07465878,14.33240464,453,,
2020-05-22T17:00:00,ITA,15,Campania,063,Napoli,NA,40.83956555,14.25084984,2585,,
2020-05-22T17:00:00,ITA,15,Campania,065,Salerno,SA,40.67821961,14.7594026,676,,
2020-05-22T17:00:00,ITA,15,Campania,983,In fase di definizione/aggiornamento,,0,0,284,,
2020-05-22T17:00:00,ITA,08,Emilia-Romagna,037,Bologna,BO,44.49436681,11.3417208,4920,,
2020-05-22T17:00:00,ITA,08,Emilia-Romagna,038,Ferrara,FE,44.83599085,11.61868934,985,,
2020-05-22T17:00:00,ITA,08,Emilia-Romagna,040,Forlì-Cesena,FC,44.22268559,12.04068608,1712,,
2020-05-22T17:00:00,ITA,08,Emilia-Romagna,036,Modena,MO,44.64600009,10.92615487,3895,,
2020-05-22T17:00:00,ITA,08,Emilia-Romagna,034,Parma,PR,44.80107394,10.32834985,3444,,
2020-05-22T17:00:00,ITA,08,Emilia-Romagna,033,Piacenza,PC,45.05193462,9.692632596,4455,,
2020-05-22T17:00:00,ITA,08,Emilia-Romagna,039,Ravenna,RA,44.41722493,12.19913936,1018,,
2020-05-22T17:00:00,ITA,08,Emilia-Romagna,035,Reggio nell'Emilia,RE,44.69735289,10.63007973,4919,,
2020-05-22T17:00:00,ITA,08,Emilia-Romagna,099,Rimini,RN,44.06090087,12.5656295,2122,,
2020-05-22T17:00:00,ITA,08,Emilia-Romagna,984,In fase di definizione/aggiornamento,,0,0,0,,
2020-05-22T17:00:00,ITA,06,Friuli Venezia Giulia,031,Gorizia,GO,45.94149817,13.62212502,209,,
2020-05-22T17:00:00,ITA,06,Friuli Venezia Giulia,093,Pordenone,PN,45.95443546,12.66002909,671,,
2020-05-22T17:00:00,ITA,06,Friuli Venezia Giulia,032,Trieste,TS,45.6494354,13.76813649,1368,,
2020-05-22T17:00:00,ITA,06,Friuli Venezia Giulia,030,Udine,UD,46.06255516,13.2348383,979,,
2020-05-22T17:00:00,ITA,06,Friuli Venezia Giulia,985,In fase di definizione/aggiornamento,,0,0,0,,
2020-05-22T17:00:00,ITA,12,Lazio,060,Frosinone,FR,41.63964569,13.35117161,610,,
2020-05-22T17:00:00,ITA,12,Lazio,059,Latina,LT,41.46759465,12.90368482,528,,
2020-05-22T17:00:00,ITA,12,Lazio,057,Rieti,RI,42.40488444,12.86205939,378,,
2020-05-22T17:00:00,ITA,12,Lazio,058,Roma,RM,41.89277044,12.48366722,5534,,
2020-05-22T17:00:00,ITA,12,Lazio,056,Viterbo,VT,42.4173828,12.10473416,426,,
2020-05-22T17:00:00,ITA,12,Lazio,986,In fase di definizione/aggiornamento,,0,0,113,,
2020-05-22T17:00:00,ITA,07,Liguria,010,Genova,GE,44.41149314,8.9326992,5459,,
2020-05-22T17:00:00,ITA,07,Liguria,008,Imperia,IM,43.88570648,8.027850298,1499,,
2020-05-22T17:00:00,ITA,07,Liguria,011,La Spezia,SP,44.10704991,9.8281897,896,,
2020-05-22T17:00:00,ITA,07,Liguria,009,Savona,SV,44.30750461,8.481108654,1533,,
2020-05-22T17:00:00,ITA,07,Liguria,987,In fase di definizione/aggiornamento,,0,0,2,,
2020-05-22T17:00:00,ITA,03,Lombardia,016,Bergamo,BG,45.69441368,9.668424528,12732,,
2020-05-22T17:00:00,ITA,03,Lombardia,017,Brescia,BS,45.53993052,10.21910323,14345,,
2020-05-22T17:00:00,ITA,03,Lombardia,013,Como,CO,45.8099912,9.085159546,3713,,
2020-05-22T17:00:00,ITA,03,Lombardia,019,Cremona,CR,45.13336675,10.02420865,6374,,
2020-05-22T17:00:00,ITA,03,Lombardia,097,Lecco,LC,45.85575781,9.393392246,2706,,
2020-05-22T17:00:00,ITA,03,Lombardia,098,Lodi,LO,45.31440693,9.503720769,3392,,
2020-05-22T17:00:00,ITA,03,Lombardia,020,Mantova,MN,45.15726772,10.79277363,3310,,
2020-05-22T17:00:00,ITA,03,Lombardia,015,Milano,MI,45.46679409,9.190347404,22528,,
2020-05-22T17:00:00,ITA,03,Lombardia,108,Monza e della Brianza,MB,45.58439043,9.273582472,5409,,
2020-05-22T17:00:00,ITA,03,Lombardia,018,Pavia,PV,45.18509264,9.160157191,5151,,
2020-05-22T17:00:00,ITA,03,Lombardia,014,Sondrio,SO,46.17099261,9.87147489,1407,,
2020-05-22T17:00:00,ITA,03,Lombardia,012,Varese,VA,45.81701677,8.822868344,3446,,
2020-05-22T17:00:00,ITA,03,Lombardia,988,In fase di definizione/aggiornamento,,0,0,1871,,
2020-05-22T17:00:00,ITA,11,Marche,042,Ancona,AN,43.61675973,13.5188753,1862,,
2020-05-22T17:00:00,ITA,11,Marche,044,Ascoli Piceno,AP,42.85322304,13.57691127,290,,
2020-05-22T17:00:00,ITA,11,Marche,109,Fermo,FM,43.16058534,13.71839535,464,,
2020-05-22T17:00:00,ITA,11,Marche,043,Macerata,MC,43.30023926,13.45307182,1113,,
2020-05-22T17:00:00,ITA,11,Marche,041,Pesaro e Urbino,PU,43.91014021,12.91345989,2738,,
2020-05-22T17:00:00,ITA,11,Marche,989,In fase di definizione/aggiornamento,,0,0,230,,
2020-05-22T17:00:00,ITA,14,Molise,070,Campobasso,CB,41.55774754,14.65916051,350,,
2020-05-22T17:00:00,ITA,14,Molise,094,Isernia,IS,41.58800826,14.22575407,57,,
2020-05-22T17:00:00,ITA,14,Molise,990,In fase di definizione/aggiornamento,,0,0,19,,
2020-05-22T17:00:00,ITA,01,Piemonte,006,Alessandria,AL,44.91297351,8.615401155,3835,,
2020-05-22T17:00:00,ITA,01,Piemonte,005,Asti,AT,44.89912921,8.204142547,1767,,
2020-05-22T17:00:00,ITA,01,Piemonte,096,Biella,BI,45.5665112,8.054082167,1029,,
2020-05-22T17:00:00,ITA,01,Piemonte,004,Cuneo,CN,44.39329625,7.551171632,2720,,
2020-05-22T17:00:00,ITA,01,Piemonte,003,Novara,NO,45.44588506,8.621915884,2652,,
2020-05-22T17:00:00,ITA,01,Piemonte,001,Torino,TO,45.0732745,7.680687483,15349,,
2020-05-22T17:00:00,ITA,01,Piemonte,103,Verbano-Cusio-Ossola,VB,45.9214455,8.551078753,1102,,
2020-05-22T17:00:00,ITA,01,Piemonte,002,Vercelli,VC,45.32398135,8.423234312,1267,,
2020-05-22T17:00:00,ITA,01,Piemonte,991,In fase di definizione/aggiornamento,,0,0,356,,
2020-05-22T17:00:00,ITA,16,Puglia,072,Bari,BA,41.12559576,16.86736689,1461,,
2020-05-22T17:00:00,ITA,16,Puglia,110,Barletta-Andria-Trani,BT,41.22705039,16.29520432,382,,
2020-05-22T17:00:00,ITA,16,Puglia,074,Brindisi,BR,40.63848545,17.94601575,644,,
2020-05-22T17:00:00,ITA,16,Puglia,071,Foggia,FG,41.46226865,15.54305094,1135,,
2020-05-22T17:00:00,ITA,16,Puglia,075,Lecce,LE,40.35354285,18.1718973,511,,
2020-05-22T17:00:00,ITA,16,Puglia,073,Taranto,TA,40.47354739,17.23237181,278,,
2020-05-22T17:00:00,ITA,16,Puglia,992,In fase di definizione/aggiornamento,,0,0,29,,
2020-05-22T17:00:00,ITA,20,Sardegna,092,Cagliari,CA,39.21531192,9.110616306,249,,
2020-05-22T17:00:00,ITA,20,Sardegna,091,Nuoro,NU,40.32318834,9.330296393,79,,
2020-05-22T17:00:00,ITA,20,Sardegna,095,Oristano,OR,39.90381075,8.591183151,59,,
2020-05-22T17:00:00,ITA,20,Sardegna,090,Sassari,SS,40.72667657,8.559667131,872,,
2020-05-22T17:00:00,ITA,20,Sardegna,111,Sud Sardegna,SU,39.16641462,8.526242676,97,,
2020-05-22T17:00:00,ITA,20,Sardegna,993,In fase di definizione/aggiornamento,,0,0,0,,
2020-05-22T17:00:00,ITA,19,Sicilia,084,Agrigento,AG,37.30971088,13.5845749,141,,
2020-05-22T17:00:00,ITA,19,Sicilia,085,Caltanissetta,CL,37.49213171,14.06184973,172,,
2020-05-22T17:00:00,ITA,19,Sicilia,087,Catania,CT,37.50287803,15.08704691,1067,,
2020-05-22T17:00:00,ITA,19,Sicilia,086,Enna,EN,37.56705701,14.27909375,421,,
2020-05-22T17:00:00,ITA,19,Sicilia,083,Messina,ME,38.19395845,15.55572302,562,,
2020-05-22T17:00:00,ITA,19,Sicilia,082,Palermo,PA,38.11569725,13.3623567,574,,
2020-05-22T17:00:00,ITA,19,Sicilia,088,Ragusa,RG,36.92509198,14.73069891,97,,
2020-05-22T17:00:00,ITA,19,Sicilia,089,Siracusa,SR,37.05991687,15.29333182,248,,
2020-05-22T17:00:00,ITA,19,Sicilia,081,Trapani,TP,38.01850065,12.51365684,139,,
2020-05-22T17:00:00,ITA,19,Sicilia,994,In fase di definizione/aggiornamento,,0,0,0,,
2020-05-22T17:00:00,ITA,09,Toscana,051,Arezzo,AR,43.46642752,11.88228844,676,,
2020-05-22T17:00:00,ITA,09,Toscana,048,Firenze,FI,43.76923077,11.25588885,3436,,
2020-05-22T17:00:00,ITA,09,Toscana,053,Grosseto,GR,42.76026758,11.11356398,423,,
2020-05-22T17:00:00,ITA,09,Toscana,049,Livorno,LI,43.55234873,10.3086781,550,,
2020-05-22T17:00:00,ITA,09,Toscana,046,Lucca,LU,43.84432283,10.50151366,1356,,
2020-05-22T17:00:00,ITA,09,Toscana,045,Massa Carrara,MS,44.03674425,10.14173829,1044,,
2020-05-22T17:00:00,ITA,09,Toscana,050,Pisa,PI,43.71553206,10.40127259,885,,
2020-05-22T17:00:00,ITA,09,Toscana,047,Pistoia,PT,43.933465,10.91734146,669,,
2020-05-22T17:00:00,ITA,09,Toscana,100,Prato,PO,43.88062274,11.09703315,559,,
2020-05-22T17:00:00,ITA,09,Toscana,052,Siena,SI,43.31816374,11.33190988,437,,
2020-05-22T17:00:00,ITA,09,Toscana,995,In fase di definizione/aggiornamento,,0,0,0,,
2020-05-22T17:00:00,ITA,22,P.A. Trento,022,Trento,TN,46.06893511,11.12123097,4388,,
2020-05-22T17:00:00,ITA,22,P.A. Trento,996,In fase di definizione/aggiornamento,,0,0,0,,
2020-05-22T17:00:00,ITA,10,Umbria,054,Perugia,PG,43.10675841,12.38824698,1003,,
2020-05-22T17:00:00,ITA,10,Umbria,055,Terni,TR,42.56071258,12.6466875,372,,
2020-05-22T17:00:00,ITA,10,Umbria,997,In fase di definizione/aggiornamento,,0,0,54,,
2020-05-22T17:00:00,ITA,02,Valle d'Aosta,007,Aosta,AO,45.73750286,7.320149366,1177,,
2020-05-22T17:00:00,ITA,02,Valle d'Aosta,998,In fase di definizione/aggiornamento,,0,0,0,,
2020-05-22T17:00:00,ITA,05,Veneto,025,Belluno,BL,46.13837528,12.21704167,1153,,
2020-05-22T17:00:00,ITA,05,Veneto,028,Padova,PD,45.40692987,11.87608718,3926,,
2020-05-22T17:00:00,ITA,05,Veneto,029,Rovigo,RO,45.07107289,11.79007,441,,
2020-05-22T17:00:00,ITA,05,Veneto,026,Treviso,TV,45.66754571,12.24507363,2651,,
2020-05-22T17:00:00,ITA,05,Veneto,027,Venezia,VE,45.43490485,12.33845213,2648,,
2020-05-22T17:00:00,ITA,05,Veneto,023,Verona,VR,45.43839046,10.99352685,5063,,
2020-05-22T17:00:00,ITA,05,Veneto,024,Vicenza,VI,45.547497,11.54597109,2832,,
2020-05-22T17:00:00,ITA,05,Veneto,999,In fase di definizione/aggiornamento,,0,0,345,,
>>>>>>> 318d67e7b112b3e634a025155f9e75fb623e9a76
=======
2020-05-23T17:00:00,ITA,13,Abruzzo,069,Chieti,CH,42.35103167,14.16754574,817,,
2020-05-23T17:00:00,ITA,13,Abruzzo,066,L'Aquila,AQ,42.35122196,13.39843823,246,,
2020-05-23T17:00:00,ITA,13,Abruzzo,068,Pescara,PE,42.46458398,14.21364822,1508,,
2020-05-23T17:00:00,ITA,13,Abruzzo,067,Teramo,TE,42.6589177,13.70439971,650,,
2020-05-23T17:00:00,ITA,13,Abruzzo,979,In fase di definizione/aggiornamento,,0,0,0,,
2020-05-23T17:00:00,ITA,17,Basilicata,077,Matera,MT,40.66751177,16.59792442,208,,
2020-05-23T17:00:00,ITA,17,Basilicata,076,Potenza,PZ,40.63947052,15.80514834,190,,
2020-05-23T17:00:00,ITA,17,Basilicata,980,In fase di definizione/aggiornamento,,0,0,0,,
2020-05-23T17:00:00,ITA,21,P.A. Bolzano,021,Bolzano,BZ,46.49933453,11.35662422,2590,,
2020-05-23T17:00:00,ITA,21,P.A. Bolzano,981,In fase di definizione/aggiornamento,,0,0,0,,
2020-05-23T17:00:00,ITA,18,Calabria,079,Catanzaro,CZ,38.90597598,16.59440194,214,,
2020-05-23T17:00:00,ITA,18,Calabria,078,Cosenza,CS,39.29308681,16.25609692,468,,
2020-05-23T17:00:00,ITA,18,Calabria,101,Crotone,KR,39.08036878,17.12538864,118,,
2020-05-23T17:00:00,ITA,18,Calabria,080,Reggio di Calabria,RC,38.10922769,15.6434527,274,,
2020-05-23T17:00:00,ITA,18,Calabria,102,Vibo Valentia,VV,38.67624147,16.10157414,81,,
2020-05-23T17:00:00,ITA,18,Calabria,982,In fase di definizione/aggiornamento,,0,0,2,,
2020-05-23T17:00:00,ITA,15,Campania,064,Avellino,AV,40.91404699,14.79528803,537,,
2020-05-23T17:00:00,ITA,15,Campania,062,Benevento,BN,41.12969987,14.78151683,204,,
2020-05-23T17:00:00,ITA,15,Campania,061,Caserta,CE,41.07465878,14.33240464,453,,
2020-05-23T17:00:00,ITA,15,Campania,063,Napoli,NA,40.83956555,14.25084984,2585,,
2020-05-23T17:00:00,ITA,15,Campania,065,Salerno,SA,40.67821961,14.7594026,677,,
2020-05-23T17:00:00,ITA,15,Campania,983,In fase di definizione/aggiornamento,,0,0,288,,
2020-05-23T17:00:00,ITA,08,Emilia-Romagna,037,Bologna,BO,44.49436681,11.3417208,4931,,
2020-05-23T17:00:00,ITA,08,Emilia-Romagna,038,Ferrara,FE,44.83599085,11.61868934,985,,
2020-05-23T17:00:00,ITA,08,Emilia-Romagna,040,Forlì-Cesena,FC,44.22268559,12.04068608,1715,,
2020-05-23T17:00:00,ITA,08,Emilia-Romagna,036,Modena,MO,44.64600009,10.92615487,3895,,
2020-05-23T17:00:00,ITA,08,Emilia-Romagna,034,Parma,PR,44.80107394,10.32834985,3456,,
2020-05-23T17:00:00,ITA,08,Emilia-Romagna,033,Piacenza,PC,45.05193462,9.692632596,4457,,
2020-05-23T17:00:00,ITA,08,Emilia-Romagna,039,Ravenna,RA,44.41722493,12.19913936,1018,,
2020-05-23T17:00:00,ITA,08,Emilia-Romagna,035,Reggio nell'Emilia,RE,44.69735289,10.63007973,4922,,
2020-05-23T17:00:00,ITA,08,Emilia-Romagna,099,Rimini,RN,44.06090087,12.5656295,2134,,
2020-05-23T17:00:00,ITA,08,Emilia-Romagna,984,In fase di definizione/aggiornamento,,0,0,0,,
2020-05-23T17:00:00,ITA,06,Friuli Venezia Giulia,031,Gorizia,GO,45.94149817,13.62212502,210,,
2020-05-23T17:00:00,ITA,06,Friuli Venezia Giulia,093,Pordenone,PN,45.95443546,12.66002909,672,,
2020-05-23T17:00:00,ITA,06,Friuli Venezia Giulia,032,Trieste,TS,45.6494354,13.76813649,1372,,
2020-05-23T17:00:00,ITA,06,Friuli Venezia Giulia,030,Udine,UD,46.06255516,13.2348383,979,,
2020-05-23T17:00:00,ITA,06,Friuli Venezia Giulia,985,In fase di definizione/aggiornamento,,0,0,0,,
2020-05-23T17:00:00,ITA,12,Lazio,060,Frosinone,FR,41.63964569,13.35117161,612,,
2020-05-23T17:00:00,ITA,12,Lazio,059,Latina,LT,41.46759465,12.90368482,529,,
2020-05-23T17:00:00,ITA,12,Lazio,057,Rieti,RI,42.40488444,12.86205939,378,,
2020-05-23T17:00:00,ITA,12,Lazio,058,Roma,RM,41.89277044,12.48366722,5549,,
2020-05-23T17:00:00,ITA,12,Lazio,056,Viterbo,VT,42.4173828,12.10473416,426,,
2020-05-23T17:00:00,ITA,12,Lazio,986,In fase di definizione/aggiornamento,,0,0,113,,
2020-05-23T17:00:00,ITA,07,Liguria,010,Genova,GE,44.41149314,8.9326992,5493,,
2020-05-23T17:00:00,ITA,07,Liguria,008,Imperia,IM,43.88570648,8.027850298,1500,,
2020-05-23T17:00:00,ITA,07,Liguria,011,La Spezia,SP,44.10704991,9.8281897,897,,
2020-05-23T17:00:00,ITA,07,Liguria,009,Savona,SV,44.30750461,8.481108654,1535,,
2020-05-23T17:00:00,ITA,07,Liguria,987,In fase di definizione/aggiornamento,,0,0,2,,
2020-05-23T17:00:00,ITA,03,Lombardia,016,Bergamo,BG,45.69441368,9.668424528,12834,,
2020-05-23T17:00:00,ITA,03,Lombardia,017,Brescia,BS,45.53993052,10.21910323,14417,,
2020-05-23T17:00:00,ITA,03,Lombardia,013,Como,CO,45.8099912,9.085159546,3747,,
2020-05-23T17:00:00,ITA,03,Lombardia,019,Cremona,CR,45.13336675,10.02420865,6383,,
2020-05-23T17:00:00,ITA,03,Lombardia,097,Lecco,LC,45.85575781,9.393392246,2717,,
2020-05-23T17:00:00,ITA,03,Lombardia,098,Lodi,LO,45.31440693,9.503720769,3400,,
2020-05-23T17:00:00,ITA,03,Lombardia,020,Mantova,MN,45.15726772,10.79277363,3314,,
2020-05-23T17:00:00,ITA,03,Lombardia,015,Milano,MI,45.46679409,9.190347404,22616,,
2020-05-23T17:00:00,ITA,03,Lombardia,108,Monza e della Brianza,MB,45.58439043,9.273582472,5421,,
2020-05-23T17:00:00,ITA,03,Lombardia,018,Pavia,PV,45.18509264,9.160157191,5184,,
2020-05-23T17:00:00,ITA,03,Lombardia,014,Sondrio,SO,46.17099261,9.87147489,1414,,
2020-05-23T17:00:00,ITA,03,Lombardia,012,Varese,VA,45.81701677,8.822868344,3490,,
2020-05-23T17:00:00,ITA,03,Lombardia,988,In fase di definizione/aggiornamento,,0,0,1888,,
2020-05-23T17:00:00,ITA,11,Marche,042,Ancona,AN,43.61675973,13.5188753,1863,,
2020-05-23T17:00:00,ITA,11,Marche,044,Ascoli Piceno,AP,42.85322304,13.57691127,290,,
2020-05-23T17:00:00,ITA,11,Marche,109,Fermo,FM,43.16058534,13.71839535,465,,
2020-05-23T17:00:00,ITA,11,Marche,043,Macerata,MC,43.30023926,13.45307182,1114,,
2020-05-23T17:00:00,ITA,11,Marche,041,Pesaro e Urbino,PU,43.91014021,12.91345989,2738,,
2020-05-23T17:00:00,ITA,11,Marche,989,In fase di definizione/aggiornamento,,0,0,231,,
2020-05-23T17:00:00,ITA,14,Molise,070,Campobasso,CB,41.55774754,14.65916051,354,,
2020-05-23T17:00:00,ITA,14,Molise,094,Isernia,IS,41.58800826,14.22575407,58,,
2020-05-23T17:00:00,ITA,14,Molise,990,In fase di definizione/aggiornamento,,0,0,19,,
2020-05-23T17:00:00,ITA,01,Piemonte,006,Alessandria,AL,44.91297351,8.615401155,3845,,
2020-05-23T17:00:00,ITA,01,Piemonte,005,Asti,AT,44.89912921,8.204142547,1768,,
2020-05-23T17:00:00,ITA,01,Piemonte,096,Biella,BI,45.5665112,8.054082167,1030,,
2020-05-23T17:00:00,ITA,01,Piemonte,004,Cuneo,CN,44.39329625,7.551171632,2730,,
2020-05-23T17:00:00,ITA,01,Piemonte,003,Novara,NO,45.44588506,8.621915884,2657,,
2020-05-23T17:00:00,ITA,01,Piemonte,001,Torino,TO,45.0732745,7.680687483,15382,,
2020-05-23T17:00:00,ITA,01,Piemonte,103,Verbano-Cusio-Ossola,VB,45.9214455,8.551078753,1103,,
2020-05-23T17:00:00,ITA,01,Piemonte,002,Vercelli,VC,45.32398135,8.423234312,1267,,
2020-05-23T17:00:00,ITA,01,Piemonte,991,In fase di definizione/aggiornamento,,0,0,355,,
2020-05-23T17:00:00,ITA,16,Puglia,072,Bari,BA,41.12559576,16.86736689,1462,,
2020-05-23T17:00:00,ITA,16,Puglia,110,Barletta-Andria-Trani,BT,41.22705039,16.29520432,381,,
2020-05-23T17:00:00,ITA,16,Puglia,074,Brindisi,BR,40.63848545,17.94601575,651,,
2020-05-23T17:00:00,ITA,16,Puglia,071,Foggia,FG,41.46226865,15.54305094,1135,,
2020-05-23T17:00:00,ITA,16,Puglia,075,Lecce,LE,40.35354285,18.1718973,511,,
2020-05-23T17:00:00,ITA,16,Puglia,073,Taranto,TA,40.47354739,17.23237181,278,,
2020-05-23T17:00:00,ITA,16,Puglia,992,In fase di definizione/aggiornamento,,0,0,30,,
2020-05-23T17:00:00,ITA,20,Sardegna,092,Cagliari,CA,39.21531192,9.110616306,249,,
2020-05-23T17:00:00,ITA,20,Sardegna,091,Nuoro,NU,40.32318834,9.330296393,79,,
2020-05-23T17:00:00,ITA,20,Sardegna,095,Oristano,OR,39.90381075,8.591183151,60,,
2020-05-23T17:00:00,ITA,20,Sardegna,090,Sassari,SS,40.72667657,8.559667131,871,,
2020-05-23T17:00:00,ITA,20,Sardegna,111,Sud Sardegna,SU,39.16641462,8.526242676,97,,
2020-05-23T17:00:00,ITA,20,Sardegna,993,In fase di definizione/aggiornamento,,0,0,0,,
2020-05-23T17:00:00,ITA,19,Sicilia,084,Agrigento,AG,37.30971088,13.5845749,141,,
2020-05-23T17:00:00,ITA,19,Sicilia,085,Caltanissetta,CL,37.49213171,14.06184973,172,,
2020-05-23T17:00:00,ITA,19,Sicilia,087,Catania,CT,37.50287803,15.08704691,1067,,
2020-05-23T17:00:00,ITA,19,Sicilia,086,Enna,EN,37.56705701,14.27909375,421,,
2020-05-23T17:00:00,ITA,19,Sicilia,083,Messina,ME,38.19395845,15.55572302,562,,
2020-05-23T17:00:00,ITA,19,Sicilia,082,Palermo,PA,38.11569725,13.3623567,574,,
2020-05-23T17:00:00,ITA,19,Sicilia,088,Ragusa,RG,36.92509198,14.73069891,97,,
2020-05-23T17:00:00,ITA,19,Sicilia,089,Siracusa,SR,37.05991687,15.29333182,248,,
2020-05-23T17:00:00,ITA,19,Sicilia,081,Trapani,TP,38.01850065,12.51365684,139,,
2020-05-23T17:00:00,ITA,19,Sicilia,994,In fase di definizione/aggiornamento,,0,0,0,,
2020-05-23T17:00:00,ITA,09,Toscana,051,Arezzo,AR,43.46642752,11.88228844,676,,
2020-05-23T17:00:00,ITA,09,Toscana,048,Firenze,FI,43.76923077,11.25588885,3445,,
2020-05-23T17:00:00,ITA,09,Toscana,053,Grosseto,GR,42.76026758,11.11356398,423,,
2020-05-23T17:00:00,ITA,09,Toscana,049,Livorno,LI,43.55234873,10.3086781,551,,
2020-05-23T17:00:00,ITA,09,Toscana,046,Lucca,LU,43.84432283,10.50151366,1357,,
2020-05-23T17:00:00,ITA,09,Toscana,045,Massa Carrara,MS,44.03674425,10.14173829,1044,,
2020-05-23T17:00:00,ITA,09,Toscana,050,Pisa,PI,43.71553206,10.40127259,885,,
2020-05-23T17:00:00,ITA,09,Toscana,047,Pistoia,PT,43.933465,10.91734146,669,,
2020-05-23T17:00:00,ITA,09,Toscana,100,Prato,PO,43.88062274,11.09703315,559,,
2020-05-23T17:00:00,ITA,09,Toscana,052,Siena,SI,43.31816374,11.33190988,438,,
2020-05-23T17:00:00,ITA,09,Toscana,995,In fase di definizione/aggiornamento,,0,0,0,,
2020-05-23T17:00:00,ITA,22,P.A. Trento,022,Trento,TN,46.06893511,11.12123097,4395,,
2020-05-23T17:00:00,ITA,22,P.A. Trento,996,In fase di definizione/aggiornamento,,0,0,0,,
2020-05-23T17:00:00,ITA,10,Umbria,054,Perugia,PG,43.10675841,12.38824698,1003,,
2020-05-23T17:00:00,ITA,10,Umbria,055,Terni,TR,42.56071258,12.6466875,372,,
2020-05-23T17:00:00,ITA,10,Umbria,997,In fase di definizione/aggiornamento,,0,0,55,,
2020-05-23T17:00:00,ITA,02,Valle d'Aosta,007,Aosta,AO,45.73750286,7.320149366,1177,,
2020-05-23T17:00:00,ITA,02,Valle d'Aosta,998,In fase di definizione/aggiornamento,,0,0,0,,
2020-05-23T17:00:00,ITA,05,Veneto,025,Belluno,BL,46.13837528,12.21704167,1153,,
2020-05-23T17:00:00,ITA,05,Veneto,028,Padova,PD,45.40692987,11.87608718,3927,,
2020-05-23T17:00:00,ITA,05,Veneto,029,Rovigo,RO,45.07107289,11.79007,441,,
2020-05-23T17:00:00,ITA,05,Veneto,026,Treviso,TV,45.66754571,12.24507363,2654,,
2020-05-23T17:00:00,ITA,05,Veneto,027,Venezia,VE,45.43490485,12.33845213,2649,,
2020-05-23T17:00:00,ITA,05,Veneto,023,Verona,VR,45.43839046,10.99352685,5069,,
2020-05-23T17:00:00,ITA,05,Veneto,024,Vicenza,VI,45.547497,11.54597109,2832,,
2020-05-23T17:00:00,ITA,05,Veneto,999,In fase di definizione/aggiornamento,,0,0,344,,
>>>>>>> 739dba1a75419e31e1aad5e63ffc0dc108c6a9ce
=======
2020-06-04T17:00:00,ITA,13,Abruzzo,069,Chieti,CH,42.35103167,14.16754574,824,,
2020-06-04T17:00:00,ITA,13,Abruzzo,066,L'Aquila,AQ,42.35122196,13.39843823,247,,
2020-06-04T17:00:00,ITA,13,Abruzzo,068,Pescara,PE,42.46458398,14.21364822,1526,,
2020-06-04T17:00:00,ITA,13,Abruzzo,067,Teramo,TE,42.6589177,13.70439971,658,,
2020-06-04T17:00:00,ITA,13,Abruzzo,979,In fase di definizione/aggiornamento,,0,0,0,,
2020-06-04T17:00:00,ITA,17,Basilicata,077,Matera,MT,40.66751177,16.59792442,208,,
2020-06-04T17:00:00,ITA,17,Basilicata,076,Potenza,PZ,40.63947052,15.80514834,191,,
2020-06-04T17:00:00,ITA,17,Basilicata,980,In fase di definizione/aggiornamento,,0,0,0,,
2020-06-04T17:00:00,ITA,21,P.A. Bolzano,021,Bolzano,BZ,46.49933453,11.35662422,2598,,
2020-06-04T17:00:00,ITA,21,P.A. Bolzano,981,In fase di definizione/aggiornamento,,0,0,0,,
2020-06-04T17:00:00,ITA,18,Calabria,079,Catanzaro,CZ,38.90597598,16.59440194,214,,
2020-06-04T17:00:00,ITA,18,Calabria,078,Cosenza,CS,39.29308681,16.25609692,468,,
2020-06-04T17:00:00,ITA,18,Calabria,101,Crotone,KR,39.08036878,17.12538864,118,,
2020-06-04T17:00:00,ITA,18,Calabria,080,Reggio di Calabria,RC,38.10922769,15.6434527,275,,
2020-06-04T17:00:00,ITA,18,Calabria,102,Vibo Valentia,VV,38.67624147,16.10157414,81,,
2020-06-04T17:00:00,ITA,18,Calabria,982,In fase di definizione/aggiornamento,,0,0,2,,
2020-06-04T17:00:00,ITA,15,Campania,064,Avellino,AV,40.91404699,14.79528803,547,,
2020-06-04T17:00:00,ITA,15,Campania,062,Benevento,BN,41.12969987,14.78151683,209,,
2020-06-04T17:00:00,ITA,15,Campania,061,Caserta,CE,41.07465878,14.33240464,462,,
2020-06-04T17:00:00,ITA,15,Campania,063,Napoli,NA,40.83956555,14.25084984,2625,,
2020-06-04T17:00:00,ITA,15,Campania,065,Salerno,SA,40.67821961,14.7594026,687,,
2020-06-04T17:00:00,ITA,15,Campania,983,In fase di definizione/aggiornamento,,0,0,292,,
2020-06-04T17:00:00,ITA,08,Emilia-Romagna,037,Bologna,BO,44.49436681,11.3417208,5041,,
2020-06-04T17:00:00,ITA,08,Emilia-Romagna,038,Ferrara,FE,44.83599085,11.61868934,997,,
2020-06-04T17:00:00,ITA,08,Emilia-Romagna,040,Forlì-Cesena,FC,44.22268559,12.04068608,1724,,
2020-06-04T17:00:00,ITA,08,Emilia-Romagna,036,Modena,MO,44.64600009,10.92615487,3922,,
2020-06-04T17:00:00,ITA,08,Emilia-Romagna,034,Parma,PR,44.80107394,10.32834985,3540,,
2020-06-04T17:00:00,ITA,08,Emilia-Romagna,033,Piacenza,PC,45.05193462,9.692632596,4496,,
2020-06-04T17:00:00,ITA,08,Emilia-Romagna,039,Ravenna,RA,44.41722493,12.19913936,1028,,
2020-06-04T17:00:00,ITA,08,Emilia-Romagna,035,Reggio nell'Emilia,RE,44.69735289,10.63007973,4956,,
2020-06-04T17:00:00,ITA,08,Emilia-Romagna,099,Rimini,RN,44.06090087,12.5656295,2156,,
2020-06-04T17:00:00,ITA,08,Emilia-Romagna,984,In fase di definizione/aggiornamento,,0,0,0,,
2020-06-04T17:00:00,ITA,06,Friuli Venezia Giulia,031,Gorizia,GO,45.94149817,13.62212502,214,,
2020-06-04T17:00:00,ITA,06,Friuli Venezia Giulia,093,Pordenone,PN,45.95443546,12.66002909,689,,
2020-06-04T17:00:00,ITA,06,Friuli Venezia Giulia,032,Trieste,TS,45.6494354,13.76813649,1389,,
2020-06-04T17:00:00,ITA,06,Friuli Venezia Giulia,030,Udine,UD,46.06255516,13.2348383,987,,
2020-06-04T17:00:00,ITA,06,Friuli Venezia Giulia,985,In fase di definizione/aggiornamento,,0,0,0,,
2020-06-04T17:00:00,ITA,12,Lazio,060,Frosinone,FR,41.63964569,13.35117161,618,,
2020-06-04T17:00:00,ITA,12,Lazio,059,Latina,LT,41.46759465,12.90368482,542,,
2020-06-04T17:00:00,ITA,12,Lazio,057,Rieti,RI,42.40488444,12.86205939,386,,
2020-06-04T17:00:00,ITA,12,Lazio,058,Roma,RM,41.89277044,12.48366722,5675,,
2020-06-04T17:00:00,ITA,12,Lazio,056,Viterbo,VT,42.4173828,12.10473416,429,,
2020-06-04T17:00:00,ITA,12,Lazio,986,In fase di definizione/aggiornamento,,0,0,114,,
2020-06-04T17:00:00,ITA,07,Liguria,010,Genova,GE,44.41149314,8.9326992,5747,,
2020-06-04T17:00:00,ITA,07,Liguria,008,Imperia,IM,43.88570648,8.027850298,1546,,
2020-06-04T17:00:00,ITA,07,Liguria,011,La Spezia,SP,44.10704991,9.8281897,895,,
2020-06-04T17:00:00,ITA,07,Liguria,009,Savona,SV,44.30750461,8.481108654,1582,,
2020-06-04T17:00:00,ITA,07,Liguria,987,In fase di definizione/aggiornamento,,0,0,2,,
2020-06-04T17:00:00,ITA,03,Lombardia,016,Bergamo,BG,45.69441368,9.668424528,13466,,
2020-06-04T17:00:00,ITA,03,Lombardia,017,Brescia,BS,45.53993052,10.21910323,14881,,
2020-06-04T17:00:00,ITA,03,Lombardia,013,Como,CO,45.8099912,9.085159546,3894,,
2020-06-04T17:00:00,ITA,03,Lombardia,019,Cremona,CR,45.13336675,10.02420865,6471,,
2020-06-04T17:00:00,ITA,03,Lombardia,097,Lecco,LC,45.85575781,9.393392246,2761,,
2020-06-04T17:00:00,ITA,03,Lombardia,098,Lodi,LO,45.31440693,9.503720769,3485,,
2020-06-04T17:00:00,ITA,03,Lombardia,020,Mantova,MN,45.15726772,10.79277363,3369,,
2020-06-04T17:00:00,ITA,03,Lombardia,015,Milano,MI,45.46679409,9.190347404,23207,,
2020-06-04T17:00:00,ITA,03,Lombardia,108,Monza e della Brianza,MB,45.58439043,9.273582472,5559,,
2020-06-04T17:00:00,ITA,03,Lombardia,018,Pavia,PV,45.18509264,9.160157191,5371,,
2020-06-04T17:00:00,ITA,03,Lombardia,014,Sondrio,SO,46.17099261,9.87147489,1471,,
2020-06-04T17:00:00,ITA,03,Lombardia,012,Varese,VA,45.81701677,8.822868344,3643,,
2020-06-04T17:00:00,ITA,03,Lombardia,988,In fase di definizione/aggiornamento,,0,0,1948,,
2020-06-04T17:00:00,ITA,11,Marche,042,Ancona,AN,43.61675973,13.5188753,1872,,
2020-06-04T17:00:00,ITA,11,Marche,044,Ascoli Piceno,AP,42.85322304,13.57691127,290,,
2020-06-04T17:00:00,ITA,11,Marche,109,Fermo,FM,43.16058534,13.71839535,470,,
2020-06-04T17:00:00,ITA,11,Marche,043,Macerata,MC,43.30023926,13.45307182,1123,,
2020-06-04T17:00:00,ITA,11,Marche,041,Pesaro e Urbino,PU,43.91014021,12.91345989,2748,,
2020-06-04T17:00:00,ITA,11,Marche,989,In fase di definizione/aggiornamento,,0,0,235,,
2020-06-04T17:00:00,ITA,14,Molise,070,Campobasso,CB,41.55774754,14.65916051,359,,
2020-06-04T17:00:00,ITA,14,Molise,094,Isernia,IS,41.58800826,14.22575407,58,,
2020-06-04T17:00:00,ITA,14,Molise,990,In fase di definizione/aggiornamento,,0,0,19,,
2020-06-04T17:00:00,ITA,01,Piemonte,006,Alessandria,AL,44.91297351,8.615401155,3945,,
2020-06-04T17:00:00,ITA,01,Piemonte,005,Asti,AT,44.89912921,8.204142547,1850,,
2020-06-04T17:00:00,ITA,01,Piemonte,096,Biella,BI,45.5665112,8.054082167,1037,,
2020-06-04T17:00:00,ITA,01,Piemonte,004,Cuneo,CN,44.39329625,7.551171632,2787,,
2020-06-04T17:00:00,ITA,01,Piemonte,003,Novara,NO,45.44588506,8.621915884,2710,,
2020-06-04T17:00:00,ITA,01,Piemonte,001,Torino,TO,45.0732745,7.680687483,15662,,
2020-06-04T17:00:00,ITA,01,Piemonte,103,Verbano-Cusio-Ossola,VB,45.9214455,8.551078753,1111,,
2020-06-04T17:00:00,ITA,01,Piemonte,002,Vercelli,VC,45.32398135,8.423234312,1307,,
2020-06-04T17:00:00,ITA,01,Piemonte,991,In fase di definizione/aggiornamento,,0,0,349,,
2020-06-04T17:00:00,ITA,16,Puglia,072,Bari,BA,41.12559576,16.86736689,1488,,
2020-06-04T17:00:00,ITA,16,Puglia,110,Barletta-Andria-Trani,BT,41.22705039,16.29520432,380,,
2020-06-04T17:00:00,ITA,16,Puglia,074,Brindisi,BR,40.63848545,17.94601575,651,,
2020-06-04T17:00:00,ITA,16,Puglia,071,Foggia,FG,41.46226865,15.54305094,1157,,
2020-06-04T17:00:00,ITA,16,Puglia,075,Lecce,LE,40.35354285,18.1718973,517,,
2020-06-04T17:00:00,ITA,16,Puglia,073,Taranto,TA,40.47354739,17.23237181,281,,
2020-06-04T17:00:00,ITA,16,Puglia,992,In fase di definizione/aggiornamento,,0,0,29,,
2020-06-04T17:00:00,ITA,20,Sardegna,092,Cagliari,CA,39.21531192,9.110616306,252,,
2020-06-04T17:00:00,ITA,20,Sardegna,091,Nuoro,NU,40.32318834,9.330296393,79,,
2020-06-04T17:00:00,ITA,20,Sardegna,095,Oristano,OR,39.90381075,8.591183151,59,,
2020-06-04T17:00:00,ITA,20,Sardegna,090,Sassari,SS,40.72667657,8.559667131,870,,
2020-06-04T17:00:00,ITA,20,Sardegna,111,Sud Sardegna,SU,39.16641462,8.526242676,97,,
2020-06-04T17:00:00,ITA,20,Sardegna,993,In fase di definizione/aggiornamento,,0,0,0,,
2020-06-04T17:00:00,ITA,19,Sicilia,084,Agrigento,AG,37.30971088,13.5845749,141,,
2020-06-04T17:00:00,ITA,19,Sicilia,085,Caltanissetta,CL,37.49213171,14.06184973,176,,
2020-06-04T17:00:00,ITA,19,Sicilia,087,Catania,CT,37.50287803,15.08704691,1072,,
2020-06-04T17:00:00,ITA,19,Sicilia,086,Enna,EN,37.56705701,14.27909375,425,,
2020-06-04T17:00:00,ITA,19,Sicilia,083,Messina,ME,38.19395845,15.55572302,565,,
2020-06-04T17:00:00,ITA,19,Sicilia,082,Palermo,PA,38.11569725,13.3623567,580,,
2020-06-04T17:00:00,ITA,19,Sicilia,088,Ragusa,RG,36.92509198,14.73069891,97,,
2020-06-04T17:00:00,ITA,19,Sicilia,089,Siracusa,SR,37.05991687,15.29333182,251,,
2020-06-04T17:00:00,ITA,19,Sicilia,081,Trapani,TP,38.01850065,12.51365684,140,,
2020-06-04T17:00:00,ITA,19,Sicilia,994,In fase di definizione/aggiornamento,,0,0,0,,
2020-06-04T17:00:00,ITA,09,Toscana,051,Arezzo,AR,43.46642752,11.88228844,677,,
2020-06-04T17:00:00,ITA,09,Toscana,048,Firenze,FI,43.76923077,11.25588885,3473,,
2020-06-04T17:00:00,ITA,09,Toscana,053,Grosseto,GR,42.76026758,11.11356398,426,,
2020-06-04T17:00:00,ITA,09,Toscana,049,Livorno,LI,43.55234873,10.3086781,557,,
2020-06-04T17:00:00,ITA,09,Toscana,046,Lucca,LU,43.84432283,10.50151366,1364,,
2020-06-04T17:00:00,ITA,09,Toscana,045,Massa Carrara,MS,44.03674425,10.14173829,1049,,
2020-06-04T17:00:00,ITA,09,Toscana,050,Pisa,PI,43.71553206,10.40127259,896,,
2020-06-04T17:00:00,ITA,09,Toscana,047,Pistoia,PT,43.933465,10.91734146,677,,
2020-06-04T17:00:00,ITA,09,Toscana,100,Prato,PO,43.88062274,11.09703315,565,,
2020-06-04T17:00:00,ITA,09,Toscana,052,Siena,SI,43.31816374,11.33190988,438,,
2020-06-04T17:00:00,ITA,09,Toscana,995,In fase di definizione/aggiornamento,,0,0,0,,
2020-06-04T17:00:00,ITA,22,P.A. Trento,022,Trento,TN,46.06893511,11.12123097,4433,,
2020-06-04T17:00:00,ITA,22,P.A. Trento,996,In fase di definizione/aggiornamento,,0,0,0,,
2020-06-04T17:00:00,ITA,10,Umbria,054,Perugia,PG,43.10675841,12.38824698,1004,,
2020-06-04T17:00:00,ITA,10,Umbria,055,Terni,TR,42.56071258,12.6466875,372,,
2020-06-04T17:00:00,ITA,10,Umbria,997,In fase di definizione/aggiornamento,,0,0,55,,
2020-06-04T17:00:00,ITA,02,Valle d'Aosta,007,Aosta,AO,45.73750286,7.320149366,1187,,
2020-06-04T17:00:00,ITA,02,Valle d'Aosta,998,In fase di definizione/aggiornamento,,0,0,0,,
2020-06-04T17:00:00,ITA,05,Veneto,025,Belluno,BL,46.13837528,12.21704167,1175,,
2020-06-04T17:00:00,ITA,05,Veneto,028,Padova,PD,45.40692987,11.87608718,3932,,
2020-06-04T17:00:00,ITA,05,Veneto,029,Rovigo,RO,45.07107289,11.79007,442,,
2020-06-04T17:00:00,ITA,05,Veneto,026,Treviso,TV,45.66754571,12.24507363,2659,,
2020-06-04T17:00:00,ITA,05,Veneto,027,Venezia,VE,45.43490485,12.33845213,2667,,
2020-06-04T17:00:00,ITA,05,Veneto,023,Verona,VR,45.43839046,10.99352685,5101,,
2020-06-04T17:00:00,ITA,05,Veneto,024,Vicenza,VI,45.547497,11.54597109,2848,,
2020-06-04T17:00:00,ITA,05,Veneto,999,In fase di definizione/aggiornamento,,0,0,344,,
>>>>>>> b069a97b1baae3e2464baeb2163bc905267869b8
=======
2020-06-05T17:00:00,ITA,13,Abruzzo,069,Chieti,CH,42.35103167,14.16754574,824,,
2020-06-05T17:00:00,ITA,13,Abruzzo,066,L'Aquila,AQ,42.35122196,13.39843823,247,,
2020-06-05T17:00:00,ITA,13,Abruzzo,068,Pescara,PE,42.46458398,14.21364822,1527,,
2020-06-05T17:00:00,ITA,13,Abruzzo,067,Teramo,TE,42.6589177,13.70439971,659,,
2020-06-05T17:00:00,ITA,13,Abruzzo,979,In fase di definizione/aggiornamento,,0,0,0,,
2020-06-05T17:00:00,ITA,17,Basilicata,077,Matera,MT,40.66751177,16.59792442,208,,
2020-06-05T17:00:00,ITA,17,Basilicata,076,Potenza,PZ,40.63947052,15.80514834,191,,
2020-06-05T17:00:00,ITA,17,Basilicata,980,In fase di definizione/aggiornamento,,0,0,0,,
2020-06-05T17:00:00,ITA,21,P.A. Bolzano,021,Bolzano,BZ,46.49933453,11.35662422,2599,,
2020-06-05T17:00:00,ITA,21,P.A. Bolzano,981,In fase di definizione/aggiornamento,,0,0,0,,
2020-06-05T17:00:00,ITA,18,Calabria,079,Catanzaro,CZ,38.90597598,16.59440194,214,,
2020-06-05T17:00:00,ITA,18,Calabria,078,Cosenza,CS,39.29308681,16.25609692,468,,
2020-06-05T17:00:00,ITA,18,Calabria,101,Crotone,KR,39.08036878,17.12538864,118,,
2020-06-05T17:00:00,ITA,18,Calabria,080,Reggio di Calabria,RC,38.10922769,15.6434527,276,,
2020-06-05T17:00:00,ITA,18,Calabria,102,Vibo Valentia,VV,38.67624147,16.10157414,81,,
2020-06-05T17:00:00,ITA,18,Calabria,982,In fase di definizione/aggiornamento,,0,0,2,,
2020-06-05T17:00:00,ITA,15,Campania,064,Avellino,AV,40.91404699,14.79528803,547,,
2020-06-05T17:00:00,ITA,15,Campania,062,Benevento,BN,41.12969987,14.78151683,209,,
2020-06-05T17:00:00,ITA,15,Campania,061,Caserta,CE,41.07465878,14.33240464,462,,
2020-06-05T17:00:00,ITA,15,Campania,063,Napoli,NA,40.83956555,14.25084984,2625,,
2020-06-05T17:00:00,ITA,15,Campania,065,Salerno,SA,40.67821961,14.7594026,687,,
2020-06-05T17:00:00,ITA,15,Campania,983,In fase di definizione/aggiornamento,,0,0,292,,
2020-06-05T17:00:00,ITA,08,Emilia-Romagna,037,Bologna,BO,44.49436681,11.3417208,5043,,
2020-06-05T17:00:00,ITA,08,Emilia-Romagna,038,Ferrara,FE,44.83599085,11.61868934,998,,
2020-06-05T17:00:00,ITA,08,Emilia-Romagna,040,Forlì-Cesena,FC,44.22268559,12.04068608,1725,,
2020-06-05T17:00:00,ITA,08,Emilia-Romagna,036,Modena,MO,44.64600009,10.92615487,3924,,
2020-06-05T17:00:00,ITA,08,Emilia-Romagna,034,Parma,PR,44.80107394,10.32834985,3547,,
2020-06-05T17:00:00,ITA,08,Emilia-Romagna,033,Piacenza,PC,45.05193462,9.692632596,4498,,
2020-06-05T17:00:00,ITA,08,Emilia-Romagna,039,Ravenna,RA,44.41722493,12.19913936,1028,,
2020-06-05T17:00:00,ITA,08,Emilia-Romagna,035,Reggio nell'Emilia,RE,44.69735289,10.63007973,4956,,
2020-06-05T17:00:00,ITA,08,Emilia-Romagna,099,Rimini,RN,44.06090087,12.5656295,2158,,
2020-06-05T17:00:00,ITA,08,Emilia-Romagna,984,In fase di definizione/aggiornamento,,0,0,0,,
2020-06-05T17:00:00,ITA,06,Friuli Venezia Giulia,031,Gorizia,GO,45.94149817,13.62212502,214,,
2020-06-05T17:00:00,ITA,06,Friuli Venezia Giulia,093,Pordenone,PN,45.95443546,12.66002909,689,,
2020-06-05T17:00:00,ITA,06,Friuli Venezia Giulia,032,Trieste,TS,45.6494354,13.76813649,1389,,
2020-06-05T17:00:00,ITA,06,Friuli Venezia Giulia,030,Udine,UD,46.06255516,13.2348383,988,,
2020-06-05T17:00:00,ITA,06,Friuli Venezia Giulia,985,In fase di definizione/aggiornamento,,0,0,0,,
2020-06-05T17:00:00,ITA,12,Lazio,060,Frosinone,FR,41.63964569,13.35117161,618,,
2020-06-05T17:00:00,ITA,12,Lazio,059,Latina,LT,41.46759465,12.90368482,542,,
2020-06-05T17:00:00,ITA,12,Lazio,057,Rieti,RI,42.40488444,12.86205939,386,,
2020-06-05T17:00:00,ITA,12,Lazio,058,Roma,RM,41.89277044,12.48366722,5684,,
2020-06-05T17:00:00,ITA,12,Lazio,056,Viterbo,VT,42.4173828,12.10473416,429,,
2020-06-05T17:00:00,ITA,12,Lazio,986,In fase di definizione/aggiornamento,,0,0,114,,
2020-06-05T17:00:00,ITA,07,Liguria,010,Genova,GE,44.41149314,8.9326992,5757,,
2020-06-05T17:00:00,ITA,07,Liguria,008,Imperia,IM,43.88570648,8.027850298,1548,,
2020-06-05T17:00:00,ITA,07,Liguria,011,La Spezia,SP,44.10704991,9.8281897,895,,
2020-06-05T17:00:00,ITA,07,Liguria,009,Savona,SV,44.30750461,8.481108654,1584,,
2020-06-05T17:00:00,ITA,07,Liguria,987,In fase di definizione/aggiornamento,,0,0,2,,
2020-06-05T17:00:00,ITA,03,Lombardia,016,Bergamo,BG,45.69441368,9.668424528,13539,,
2020-06-05T17:00:00,ITA,03,Lombardia,017,Brescia,BS,45.53993052,10.21910323,14970,,
2020-06-05T17:00:00,ITA,03,Lombardia,013,Como,CO,45.8099912,9.085159546,3912,,
2020-06-05T17:00:00,ITA,03,Lombardia,019,Cremona,CR,45.13336675,10.02420865,6482,,
2020-06-05T17:00:00,ITA,03,Lombardia,097,Lecco,LC,45.85575781,9.393392246,2765,,
2020-06-05T17:00:00,ITA,03,Lombardia,098,Lodi,LO,45.31440693,9.503720769,3495,,
2020-06-05T17:00:00,ITA,03,Lombardia,020,Mantova,MN,45.15726772,10.79277363,3382,,
2020-06-05T17:00:00,ITA,03,Lombardia,015,Milano,MI,45.46679409,9.190347404,23306,,
2020-06-05T17:00:00,ITA,03,Lombardia,108,Monza e della Brianza,MB,45.58439043,9.273582472,5567,,
2020-06-05T17:00:00,ITA,03,Lombardia,018,Pavia,PV,45.18509264,9.160157191,5393,,
2020-06-05T17:00:00,ITA,03,Lombardia,014,Sondrio,SO,46.17099261,9.87147489,1481,,
2020-06-05T17:00:00,ITA,03,Lombardia,012,Varese,VA,45.81701677,8.822868344,3671,,
2020-06-05T17:00:00,ITA,03,Lombardia,988,In fase di definizione/aggiornamento,,0,0,1965,,
2020-06-05T17:00:00,ITA,11,Marche,042,Ancona,AN,43.61675973,13.5188753,1872,,
2020-06-05T17:00:00,ITA,11,Marche,044,Ascoli Piceno,AP,42.85322304,13.57691127,290,,
2020-06-05T17:00:00,ITA,11,Marche,109,Fermo,FM,43.16058534,13.71839535,470,,
2020-06-05T17:00:00,ITA,11,Marche,043,Macerata,MC,43.30023926,13.45307182,1124,,
2020-06-05T17:00:00,ITA,11,Marche,041,Pesaro e Urbino,PU,43.91014021,12.91345989,2749,,
2020-06-05T17:00:00,ITA,11,Marche,989,In fase di definizione/aggiornamento,,0,0,235,,
2020-06-05T17:00:00,ITA,14,Molise,070,Campobasso,CB,41.55774754,14.65916051,359,,
2020-06-05T17:00:00,ITA,14,Molise,094,Isernia,IS,41.58800826,14.22575407,58,,
2020-06-05T17:00:00,ITA,14,Molise,990,In fase di definizione/aggiornamento,,0,0,19,,
2020-06-05T17:00:00,ITA,01,Piemonte,006,Alessandria,AL,44.91297351,8.615401155,3962,,
2020-06-05T17:00:00,ITA,01,Piemonte,005,Asti,AT,44.89912921,8.204142547,1852,,
2020-06-05T17:00:00,ITA,01,Piemonte,096,Biella,BI,45.5665112,8.054082167,1039,,
2020-06-05T17:00:00,ITA,01,Piemonte,004,Cuneo,CN,44.39329625,7.551171632,2793,,
2020-06-05T17:00:00,ITA,01,Piemonte,003,Novara,NO,45.44588506,8.621915884,2720,,
2020-06-05T17:00:00,ITA,01,Piemonte,001,Torino,TO,45.0732745,7.680687483,15674,,
2020-06-05T17:00:00,ITA,01,Piemonte,103,Verbano-Cusio-Ossola,VB,45.9214455,8.551078753,1111,,
2020-06-05T17:00:00,ITA,01,Piemonte,002,Vercelli,VC,45.32398135,8.423234312,1308,,
2020-06-05T17:00:00,ITA,01,Piemonte,991,In fase di definizione/aggiornamento,,0,0,348,,
2020-06-05T17:00:00,ITA,16,Puglia,072,Bari,BA,41.12559576,16.86736689,1488,,
2020-06-05T17:00:00,ITA,16,Puglia,110,Barletta-Andria-Trani,BT,41.22705039,16.29520432,380,,
2020-06-05T17:00:00,ITA,16,Puglia,074,Brindisi,BR,40.63848545,17.94601575,653,,
2020-06-05T17:00:00,ITA,16,Puglia,071,Foggia,FG,41.46226865,15.54305094,1158,,
2020-06-05T17:00:00,ITA,16,Puglia,075,Lecce,LE,40.35354285,18.1718973,519,,
2020-06-05T17:00:00,ITA,16,Puglia,073,Taranto,TA,40.47354739,17.23237181,281,,
2020-06-05T17:00:00,ITA,16,Puglia,992,In fase di definizione/aggiornamento,,0,0,28,,
2020-06-05T17:00:00,ITA,20,Sardegna,092,Cagliari,CA,39.21531192,9.110616306,252,,
2020-06-05T17:00:00,ITA,20,Sardegna,091,Nuoro,NU,40.32318834,9.330296393,79,,
2020-06-05T17:00:00,ITA,20,Sardegna,095,Oristano,OR,39.90381075,8.591183151,59,,
2020-06-05T17:00:00,ITA,20,Sardegna,090,Sassari,SS,40.72667657,8.559667131,870,,
2020-06-05T17:00:00,ITA,20,Sardegna,111,Sud Sardegna,SU,39.16641462,8.526242676,99,,
2020-06-05T17:00:00,ITA,20,Sardegna,993,In fase di definizione/aggiornamento,,0,0,0,,
2020-06-05T17:00:00,ITA,19,Sicilia,084,Agrigento,AG,37.30971088,13.5845749,141,,
2020-06-05T17:00:00,ITA,19,Sicilia,085,Caltanissetta,CL,37.49213171,14.06184973,176,,
2020-06-05T17:00:00,ITA,19,Sicilia,087,Catania,CT,37.50287803,15.08704691,1072,,
2020-06-05T17:00:00,ITA,19,Sicilia,086,Enna,EN,37.56705701,14.27909375,425,,
2020-06-05T17:00:00,ITA,19,Sicilia,083,Messina,ME,38.19395845,15.55572302,565,,
2020-06-05T17:00:00,ITA,19,Sicilia,082,Palermo,PA,38.11569725,13.3623567,580,,
2020-06-05T17:00:00,ITA,19,Sicilia,088,Ragusa,RG,36.92509198,14.73069891,97,,
2020-06-05T17:00:00,ITA,19,Sicilia,089,Siracusa,SR,37.05991687,15.29333182,251,,
2020-06-05T17:00:00,ITA,19,Sicilia,081,Trapani,TP,38.01850065,12.51365684,141,,
2020-06-05T17:00:00,ITA,19,Sicilia,994,In fase di definizione/aggiornamento,,0,0,0,,
2020-06-05T17:00:00,ITA,09,Toscana,051,Arezzo,AR,43.46642752,11.88228844,677,,
2020-06-05T17:00:00,ITA,09,Toscana,048,Firenze,FI,43.76923077,11.25588885,3478,,
2020-06-05T17:00:00,ITA,09,Toscana,053,Grosseto,GR,42.76026758,11.11356398,426,,
2020-06-05T17:00:00,ITA,09,Toscana,049,Livorno,LI,43.55234873,10.3086781,557,,
2020-06-05T17:00:00,ITA,09,Toscana,046,Lucca,LU,43.84432283,10.50151366,1364,,
2020-06-05T17:00:00,ITA,09,Toscana,045,Massa Carrara,MS,44.03674425,10.14173829,1050,,
2020-06-05T17:00:00,ITA,09,Toscana,050,Pisa,PI,43.71553206,10.40127259,896,,
2020-06-05T17:00:00,ITA,09,Toscana,047,Pistoia,PT,43.933465,10.91734146,677,,
2020-06-05T17:00:00,ITA,09,Toscana,100,Prato,PO,43.88062274,11.09703315,566,,
2020-06-05T17:00:00,ITA,09,Toscana,052,Siena,SI,43.31816374,11.33190988,438,,
2020-06-05T17:00:00,ITA,09,Toscana,995,In fase di definizione/aggiornamento,,0,0,0,,
2020-06-05T17:00:00,ITA,22,P.A. Trento,022,Trento,TN,46.06893511,11.12123097,4433,,
2020-06-05T17:00:00,ITA,22,P.A. Trento,996,In fase di definizione/aggiornamento,,0,0,0,,
2020-06-05T17:00:00,ITA,10,Umbria,054,Perugia,PG,43.10675841,12.38824698,1004,,
2020-06-05T17:00:00,ITA,10,Umbria,055,Terni,TR,42.56071258,12.6466875,372,,
2020-06-05T17:00:00,ITA,10,Umbria,997,In fase di definizione/aggiornamento,,0,0,55,,
2020-06-05T17:00:00,ITA,02,Valle d'Aosta,007,Aosta,AO,45.73750286,7.320149366,1187,,
2020-06-05T17:00:00,ITA,02,Valle d'Aosta,998,In fase di definizione/aggiornamento,,0,0,0,,
2020-06-05T17:00:00,ITA,05,Veneto,025,Belluno,BL,46.13837528,12.21704167,1175,,
2020-06-05T17:00:00,ITA,05,Veneto,028,Padova,PD,45.40692987,11.87608718,3932,,
2020-06-05T17:00:00,ITA,05,Veneto,029,Rovigo,RO,45.07107289,11.79007,442,,
2020-06-05T17:00:00,ITA,05,Veneto,026,Treviso,TV,45.66754571,12.24507363,2661,,
2020-06-05T17:00:00,ITA,05,Veneto,027,Venezia,VE,45.43490485,12.33845213,2666,,
2020-06-05T17:00:00,ITA,05,Veneto,023,Verona,VR,45.43839046,10.99352685,5103,,
2020-06-05T17:00:00,ITA,05,Veneto,024,Vicenza,VI,45.547497,11.54597109,2851,,
2020-06-05T17:00:00,ITA,05,Veneto,999,In fase di definizione/aggiornamento,,0,0,344,,
>>>>>>> a4f7e37358ed9d84f70016bde7a44a17eee7a36d
